timestamp,decision_time_ms,asset,forward_return,benchmark_return,momentum_1h,momentum_4h,momentum_1d,cross_crypto_leadlag,funding_z,oi_change_z,basis_z,taker_imbalance,order_flow_imbalance,book_imbalance,microprice_edge,onchain_activity_z,exchange_netflow_z,network_growth_z,sentiment_z,news_novelty,llm_event_score,llm_event_confidence,regime_trend,regime_volatility,spread_bps,slippage_bps,funding_bps,source_close_time,target_close_time
2026-09-29T00:59:59.999000Z,1790643599999,ADAUSDT,-0.013425549227013778,-0.001414786605725138,,,,,,,,,,,,,,,,,,,,,,,,2026-09-29T00:59:59.999000Z,2026-09-29T01:59:59.999000Z
2026-09-29T00:59:59.999000Z,1790643599999,AVAXUSDT,-0.013483146067415741,-0.001414786605725138,,,,,,,,,,,,,,,,,,,,,,,,2026-09-29T00:59:59.999000Z,2026-09-29T01:59:59.999000Z
2026-09-29T00:59:59.999000Z,1790643599999,BNBUSDT,-0.003970862808004849,-0.001414786605725138,,,,,,,,,,,,,,,,,,,,,,,,2026-09-29T00:59:59.999000Z,2026-09-29T01:59:59.999000Z
2026-09-29T00:59:59.999000Z,1790643599999,BTCUSDT,-0.001414786605725138,-0.001414786605725138,,,,,,,,,,,,,,,,,,,,,,,,2026-09-29T00:59:59.999000Z,2026-09-29T01:59:59.999000Z
2026-09-29T00:59:59.999000Z,1790643599999,DOGEUSDT,-0.010041662215575231,-0.001414786605725138,,,,,,,,,,,,,,,,,,,,,,,,2026-09-29T00:59:59.999000Z,2026-09-29T01:59:59.999000Z
2026-09-29T00:59:59.999000Z,1790643599999,ETHUSDT,-0.004340306959058404,-0.001414786605725138,,,,,,,,,,,,,,,,,,,,,,,,2026-09-29T00:59:59.999000Z,2026-09-29T01:59:59.999000Z
2026-09-29T00:59:59.999000Z,1790643599999,SOLUSDT,-0.008128704487722183,-0.001414786605725138,,,,,,,,,,,,,,,,,,,,,,,,2026-09-29T00:59:59.999000Z,2026-09-29T01:59:59.999000Z
2026-09-29T00:59:59.999000Z,1790643599999,XRPUSDT,-0.007257089100927261,-0.001414786605725138,,,,,,,,,,,,,,,,,,,,,,,,2026-09-29T00:59:59.999000Z,2026-09-29T01:59:59.999000Z
2026-09-29T01:59:59.999000Z,1790647199999,ADAUSDT,-0.007422680412371152,-0.001211056002311417,,,,,,,,,,,,,,,,,,,,,,,,2026-09-29T01:59:59.999000Z,2026-09-29T02:59:59.999000Z
2026-09-29T01:59:59.999000Z,1790647199999,AVAXUSDT,-0.016609719058466088,-0.001211056002311417,,,,,,,,,,,,,,,,,,,,,,,,2026-09-29T01:59:59.999000Z,2026-09-29T02:59:59.999000Z
2026-09-29T01:59:59.999000Z,1790647199999,BNBUSDT,-0.0014389059034745078,-0.001211056002311417,,,,,,,,,,,,,,,,,,,,,,,,2026-09-29T01:59:59.999000Z,2026-09-29T02:59:59.999000Z
2026-09-29T01:59:59.999000Z,1790647199999,BTCUSDT,-0.001211056002311417,-0.001211056002311417,,,,,,,,,,,,,,,,,,,,,,,,2026-09-29T01:59:59.999000Z,2026-09-29T02:59:59.999000Z
2026-09-29T01:59:59.999000Z,1790647199999,DOGEUSDT,-0.004208481709291001,-0.001211056002311417,,,,,,,,,,,,,,,,,,,,,,,,2026-09-29T01:59:59.999000Z,2026-09-29T02:59:59.999000Z
2026-09-29T01:59:59.999000Z,1790647199999,ETHUSDT,-0.002993686248175864,-0.001211056002311417,,,,,,,,,,,,,,,,,,,,,,,,2026-09-29T01:59:59.999000Z,2026-09-29T02:59:59.999000Z
2026-09-29T01:59:59.999000Z,1790647199999,SOLUSDT,-0.0016219907802629274,-0.001211056002311417,,,,,,,,,,,,,,,,,,,,,,,,2026-09-29T01:59:59.999000Z,2026-09-29T02:59:59.999000Z
2026-09-29T01:59:59.999000Z,1790647199999,XRPUSDT,-0.0008122377149045734,-0.001211056002311417,,,,,,,,,,,,,,,,,,,,,,,,2026-09-29T01:59:59.999000Z,2026-09-29T02:59:59.999000Z
2026-09-29T02:59:59.999000Z,1790650799999,ADAUSDT,0.008309098462816689,0.0012365097616655607,,,,,,,,,,,,,,,,,,,,,,,,2026-09-29T02:59:59.999000Z,2026-09-29T03:59:59.999000Z
2026-09-29T02:59:59.999000Z,1790650799999,AVAXUSDT,0.006177009941125355,0.0012365097616655607,,,,,,,,,,,,,,,,,,,,,,,,2026-09-29T02:59:59.999000Z,2026-09-29T03:59:59.999000Z
2026-09-29T02:59:59.999000Z,1790650799999,BNBUSDT,0.0031199185648373984,0.0012365097616655607,,,,,,,,,,,,,,,,,,,,,,,,2026-09-29T02:59:59.999000Z,2026-09-29T03:59:59.999000Z
2026-09-29T02:59:59.999000Z,1790650799999,BTCUSDT,0.0012365097616655607,0.0012365097616655607,,,,,,,,,,,,,,,,,,,,,,,,2026-09-29T02:59:59.999000Z,2026-09-29T03:59:59.999000Z
2026-09-29T02:59:59.999000Z,1790650799999,DOGEUSDT,0.00910273081924573,0.0012365097616655607,,,,,,,,,,,,,,,,,,,,,,,,2026-09-29T02:59:59.999000Z,2026-09-29T03:59:59.999000Z
2026-09-29T02:59:59.999000Z,1790650799999,ETHUSDT,0.002848402524053384,0.0012365097616655607,,,,,,,,,,,,,,,,,,,,,,,,2026-09-29T02:59:59.999000Z,2026-09-29T03:59:59.999000Z
2026-09-29T02:59:59.999000Z,1790650799999,SOLUSDT,0.007781103035485293,0.0012365097616655607,,,,,,,,,,,,,,,,,,,,,,,,2026-09-29T02:59:59.999000Z,2026-09-29T03:59:59.999000Z
2026-09-29T02:59:59.999000Z,1790650799999,XRPUSDT,0.008670911800569225,0.0012365097616655607,,,,,,,,,,,,,,,,,,,,,,,,2026-09-29T02:59:59.999000Z,2026-09-29T03:59:59.999000Z
2026-09-29T03:59:59.999000Z,1790654399999,ADAUSDT,0.0016481252575195615,0.0017213195764196332,,,,,,,,,,,,,,,,,,,,,,,,2026-09-29T03:59:59.999000Z,2026-09-29T04:59:59.999000Z
2026-09-29T03:59:59.999000Z,1790654399999,AVAXUSDT,0.004316546762589857,0.0017213195764196332,,,,,,,,,,,,,,,,,,,,,,,,2026-09-29T03:59:59.999000Z,2026-09-29T04:59:59.999000Z
2026-09-29T03:59:59.999000Z,1790654399999,BNBUSDT,-0.0022272301954426865,0.0017213195764196332,,,,,,,,,,,,,,,,,,,,,,,,2026-09-29T03:59:59.999000Z,2026-09-29T04:59:59.999000Z
2026-09-29T03:59:59.999000Z,1790654399999,BTCUSDT,0.0017213195764196332,0.0017213195764196332,,,,,,,,,,,,,,,,,,,,,,,,2026-09-29T03:59:59.999000Z,2026-09-29T04:59:59.999000Z
2026-09-29T03:59:59.999000Z,1790654399999,DOGEUSDT,-0.0003221649484534961,0.0017213195764196332,,,,,,,,,,,,,,,,,,,,,,,,2026-09-29T03:59:59.999000Z,2026-09-29T04:59:59.999000Z
2026-09-29T03:59:59.999000Z,1790654399999,ETHUSDT,0.0010768422632450037,0.0017213195764196332,,,,,,,,,,,,,,,,,,,,,,,,2026-09-29T03:59:59.999000Z,2026-09-29T04:59:59.999000Z
2026-09-29T03:59:59.999000Z,1790654399999,SOLUSDT,-0.0013575428474460471,0.0017213195764196332,,,,,,,,,,,,,,,,,,,,,,,,2026-09-29T03:59:59.999000Z,2026-09-29T04:59:59.999000Z
2026-09-29T03:59:59.999000Z,1790654399999,XRPUSDT,-0.0022834116856951248,0.0017213195764196332,,,,,,,,,,,,,,,,,,,,,,,,2026-09-29T03:59:59.999000Z,2026-09-29T04:59:59.999000Z
2026-09-29T04:59:59.999000Z,1790657999999,ADAUSDT,0.008638420403126235,0.002620264290499108,,,,,,,,,,,,,,,,,,,,,,,,2026-09-29T04:59:59.999000Z,2026-09-29T05:59:59.999000Z
2026-09-29T04:59:59.999000Z,1790657999999,AVAXUSDT,0.014899713467048548,0.002620264290499108,,,,,,,,,,,,,,,,,,,,,,,,2026-09-29T04:59:59.999000Z,2026-09-29T05:59:59.999000Z
2026-09-29T04:59:59.999000Z,1790657999999,BNBUSDT,0.0031831990490027717,0.002620264290499108,,,,,,,,,,,,,,,,,,,,,,,,2026-09-29T04:59:59.999000Z,2026-09-29T05:59:59.999000Z
2026-09-29T04:59:59.999000Z,1790657999999,BTCUSDT,0.002620264290499108,0.002620264290499108,,,,,,,,,,,,,,,,,,,,,,,,2026-09-29T04:59:59.999000Z,2026-09-29T05:59:59.999000Z
2026-09-29T04:59:59.999000Z,1790657999999,DOGEUSDT,0.008271565152003335,0.002620264290499108,,,,,,,,,,,,,,,,,,,,,,,,2026-09-29T04:59:59.999000Z,2026-09-29T05:59:59.999000Z
2026-09-29T04:59:59.999000Z,1790657999999,ETHUSDT,0.003174579377602571,0.002620264290499108,,,,,,,,,,,,,,,,,,,,,,,,2026-09-29T04:59:59.999000Z,2026-09-29T05:59:59.999000Z
2026-09-29T04:59:59.999000Z,1790657999999,SOLUSDT,0.004842820730671216,0.002620264290499108,,,,,,,,,,,,,,,,,,,,,,,,2026-09-29T04:59:59.999000Z,2026-09-29T05:59:59.999000Z
2026-09-29T04:59:59.999000Z,1790657999999,XRPUSDT,0.0056542810985460434,0.002620264290499108,,,,,,,,,,,,,,,,,,,,,,,,2026-09-29T04:59:59.999000Z,2026-09-29T05:59:59.999000Z
2026-09-29T05:59:59.999000Z,1790661599999,ADAUSDT,0.015905383360522052,0.006904386402083906,,,,,,,,,,,,,,,,,,,,,,,,2026-09-29T05:59:59.999000Z,2026-09-29T06:59:59.999000Z
2026-09-29T05:59:59.999000Z,1790661599999,AVAXUSDT,0.03378505552418587,0.006904386402083906,,,,,,,,,,,,,,,,,,,,,,,,2026-09-29T05:59:59.999000Z,2026-09-29T06:59:59.999000Z
2026-09-29T05:59:59.999000Z,1790661599999,BNBUSDT,0.009137470211057153,0.006904386402083906,,,,,,,,,,,,,,,,,,,,,,,,2026-09-29T05:59:59.999000Z,2026-09-29T06:59:59.999000Z
2026-09-29T05:59:59.999000Z,1790661599999,BTCUSDT,0.006904386402083906,0.006904386402083906,,,,,,,,,,,,,,,,,,,,,,,,2026-09-29T05:59:59.999000Z,2026-09-29T06:59:59.999000Z
2026-09-29T05:59:59.999000Z,1790661599999,DOGEUSDT,0.009588749200937441,0.006904386402083906,,,,,,,,,,,,,,,,,,,,,,,,2026-09-29T05:59:59.999000Z,2026-09-29T06:59:59.999000Z
2026-09-29T05:59:59.999000Z,1790661599999,ETHUSDT,0.011279487696802537,0.006904386402083906,,,,,,,,,,,,,,,,,,,,,,,,2026-09-29T05:59:59.999000Z,2026-09-29T06:59:59.999000Z
2026-09-29T05:59:59.999000Z,1790661599999,SOLUSDT,0.008370677263887849,0.006904386402083906,,,,,,,,,,,,,,,,,,,,,,,,2026-09-29T05:59:59.999000Z,2026-09-29T06:59:59.999000Z
2026-09-29T05:59:59.999000Z,1790661599999,XRPUSDT,0.007965194109772478,0.006904386402083906,,,,,,,,,,,,,,,,,,,,,,,,2026-09-29T05:59:59.999000Z,2026-09-29T06:59:59.999000Z
2026-09-29T06:59:59.999000Z,1790665199999,ADAUSDT,0.011641910879164996,-0.00031056913549876164,,,,,,,,,,,,,,,,,,,,,,,,2026-09-29T06:59:59.999000Z,2026-09-29T07:59:59.999000Z
2026-09-29T06:59:59.999000Z,1790665199999,AVAXUSDT,0.04287664997724172,-0.00031056913549876164,,,,,,,,,,,,,,,,,,,,,,,,2026-09-29T06:59:59.999000Z,2026-09-29T07:59:59.999000Z
2026-09-29T06:59:59.999000Z,1790665199999,BNBUSDT,-0.0009915845782503263,-0.00031056913549876164,,,,,,,,,,,,,,,,,,,,,,,,2026-09-29T06:59:59.999000Z,2026-09-29T07:59:59.999000Z
2026-09-29T06:59:59.999000Z,1790665199999,BTCUSDT,-0.00031056913549876164,-0.00031056913549876164,,,,,,,,,,,,,,,,,,,,,,,,2026-09-29T06:59:59.999000Z,2026-09-29T07:59:59.999000Z
2026-09-29T06:59:59.999000Z,1790665199999,DOGEUSDT,0.003165892781764601,-0.00031056913549876164,,,,,,,,,,,,,,,,,,,,,,,,2026-09-29T06:59:59.999000Z,2026-09-29T07:59:59.999000Z
2026-09-29T06:59:59.999000Z,1790665199999,ETHUSDT,0.0020800005911192354,-0.00031056913549876164,,,,,,,,,,,,,,,,,,,,,,,,2026-09-29T06:59:59.999000Z,2026-09-29T07:59:59.999000Z
2026-09-29T06:59:59.999000Z,1790665199999,SOLUSDT,0.0023478115042763203,-0.00031056913549876164,,,,,,,,,,,,,,,,,,,,,,,,2026-09-29T06:59:59.999000Z,2026-09-29T07:59:59.999000Z
2026-09-29T06:59:59.999000Z,1790665199999,XRPUSDT,0.0013281094362176393,-0.00031056913549876164,,,,,,,,,,,,,,,,,,,,,,,,2026-09-29T06:59:59.999000Z,2026-09-29T07:59:59.999000Z
2026-09-29T07:59:59.999000Z,1790668799999,ADAUSDT,0.0035714285714285587,-0.0012736218693354395,,,,,,,,,,,,,,,,,,,,,,,,2026-09-29T07:59:59.999000Z,2026-09-29T08:59:59.999000Z
2026-09-29T07:59:59.999000Z,1790668799999,AVAXUSDT,-0.006546787709497126,-0.0012736218693354395,,,,,,,,,,,,,,,,,,,,,,,,2026-09-29T07:59:59.999000Z,2026-09-29T08:59:59.999000Z
2026-09-29T07:59:59.999000Z,1790668799999,BNBUSDT,-0.0023377607125599775,-0.0012736218693354395,,,,,,,,,,,,,,,,,,,,,,,,2026-09-29T07:59:59.999000Z,2026-09-29T08:59:59.999000Z
2026-09-29T07:59:59.999000Z,1790668799999,BTCUSDT,-0.0012736218693354395,-0.0012736218693354395,,,,,,,,,,,,,,,,,,,,,,,,2026-09-29T07:59:59.999000Z,2026-09-29T08:59:59.999000Z
2026-09-29T07:59:59.999000Z,1790668799999,DOGEUSDT,-0.0005259835893121068,-0.0012736218693354395,,,,,,,,,,,,,,,,,,,,,,,,2026-09-29T07:59:59.999000Z,2026-09-29T08:59:59.999000Z
2026-09-29T07:59:59.999000Z,1790668799999,ETHUSDT,-0.0012977628338420866,-0.0012736218693354395,,,,,,,,,,,,,,,,,,,,,,,,2026-09-29T07:59:59.999000Z,2026-09-29T08:59:59.999000Z
2026-09-29T07:59:59.999000Z,1790668799999,SOLUSDT,-0.003011544252969678,-0.0012736218693354395,,,,,,,,,,,,,,,,,,,,,,,,2026-09-29T07:59:59.999000Z,2026-09-29T08:59:59.999000Z
2026-09-29T07:59:59.999000Z,1790668799999,XRPUSDT,-0.004708535048743356,-0.0012736218693354395,,,,,,,,,,,,,,,,,,,,,,,,2026-09-29T07:59:59.999000Z,2026-09-29T08:59:59.999000Z
2026-09-29T08:59:59.999000Z,1790672399999,ADAUSDT,0.002767892447607556,0.004578295469597871,,,,,,,,,,,,,,,,,,,,,,,,2026-09-29T08:59:59.999000Z,2026-09-29T09:59:59.999000Z
2026-09-29T08:59:59.999000Z,1790672399999,AVAXUSDT,0.014849310253931991,0.004578295469597871,,,,,,,,,,,,,,,,,,,,,,,,2026-09-29T08:59:59.999000Z,2026-09-29T09:59:59.999000Z
2026-09-29T08:59:59.999000Z,1790672399999,BNBUSDT,0.0013745254614478952,0.004578295469597871,,,,,,,,,,,,,,,,,,,,,,,,2026-09-29T08:59:59.999000Z,2026-09-29T09:59:59.999000Z
2026-09-29T08:59:59.999000Z,1790672399999,BTCUSDT,0.004578295469597871,0.004578295469597871,,,,,,,,,,,,,,,,,,,,,,,,2026-09-29T08:59:59.999000Z,2026-09-29T09:59:59.999000Z
2026-09-29T08:59:59.999000Z,1790672399999,DOGEUSDT,0.005788864330070531,0.004578295469597871,,,,,,,,,,,,,,,,,,,,,,,,2026-09-29T08:59:59.999000Z,2026-09-29T09:59:59.999000Z
2026-09-29T08:59:59.999000Z,1790672399999,ETHUSDT,0.003244931409754681,0.004578295469597871,,,,,,,,,,,,,,,,,,,,,,,,2026-09-29T08:59:59.999000Z,2026-09-29T09:59:59.999000Z
2026-09-29T08:59:59.999000Z,1790672399999,SOLUSDT,0.006209095485819827,0.004578295469597871,,,,,,,,,,,,,,,,,,,,,,,,2026-09-29T08:59:59.999000Z,2026-09-29T09:59:59.999000Z
2026-09-29T08:59:59.999000Z,1790672399999,XRPUSDT,0.006796375266524546,0.004578295469597871,,,,,,,,,,,,,,,,,,,,,,,,2026-09-29T08:59:59.999000Z,2026-09-29T09:59:59.999000Z
2026-09-29T09:59:59.999000Z,1790675999999,ADAUSDT,-0.007886435331230346,-0.0027002773979588612,,,,,,,,,,,,,,,,,,,,,,,,2026-09-29T09:59:59.999000Z,2026-09-29T10:59:59.999000Z
2026-09-29T09:59:59.999000Z,1790675999999,AVAXUSDT,0.0011255411255410852,-0.0027002773979588612,,,,,,,,,,,,,,,,,,,,,,,,2026-09-29T09:59:59.999000Z,2026-09-29T10:59:59.999000Z
2026-09-29T09:59:59.999000Z,1790675999999,BNBUSDT,-0.0008497287404406473,-0.0027002773979588612,,,,,,,,,,,,,,,,,,,,,,,,2026-09-29T09:59:59.999000Z,2026-09-29T10:59:59.999000Z
2026-09-29T09:59:59.999000Z,1790675999999,BTCUSDT,-0.0027002773979588612,-0.0027002773979588612,,,,,,,,,,,,,,,,,,,,,,,,2026-09-29T09:59:59.999000Z,2026-09-29T10:59:59.999000Z
2026-09-29T09:59:59.999000Z,1790675999999,DOGEUSDT,-0.005650899958141609,-0.0027002773979588612,,,,,,,,,,,,,,,,,,,,,,,,2026-09-29T09:59:59.999000Z,2026-09-29T10:59:59.999000Z
2026-09-29T09:59:59.999000Z,1790675999999,ETHUSDT,-0.0010413485279452406,-0.0027002773979588612,,,,,,,,,,,,,,,,,,,,,,,,2026-09-29T09:59:59.999000Z,2026-09-29T10:59:59.999000Z
2026-09-29T09:59:59.999000Z,1790675999999,SOLUSDT,-0.004002668445630464,-0.0027002773979588612,,,,,,,,,,,,,,,,,,,,,,,,2026-09-29T09:59:59.999000Z,2026-09-29T10:59:59.999000Z
2026-09-29T09:59:59.999000Z,1790675999999,XRPUSDT,-0.001919258769027099,-0.0027002773979588612,,,,,,,,,,,,,,,,,,,,,,,,2026-09-29T09:59:59.999000Z,2026-09-29T10:59:59.999000Z
2026-09-29T10:59:59.999000Z,1790679599999,ADAUSDT,0.009141494435612074,0.003897632871115997,,,,,,,,,,,,,,,,,,,,,,,,2026-09-29T10:59:59.999000Z,2026-09-29T11:59:59.999000Z
2026-09-29T10:59:59.999000Z,1790679599999,AVAXUSDT,0.02421516907376975,0.003897632871115997,,,,,,,,,,,,,,,,,,,,,,,,2026-09-29T10:59:59.999000Z,2026-09-29T11:59:59.999000Z
2026-09-29T10:59:59.999000Z,1790679599999,BNBUSDT,0.003244799162632539,0.003897632871115997,,,,,,,,,,,,,,,,,,,,,,,,2026-09-29T10:59:59.999000Z,2026-09-29T11:59:59.999000Z
2026-09-29T10:59:59.999000Z,1790679599999,BTCUSDT,0.003897632871115997,0.003897632871115997,,,,,,,,,,,,,,,,,,,,,,,,2026-09-29T10:59:59.999000Z,2026-09-29T11:59:59.999000Z
2026-09-29T10:59:59.999000Z,1790679599999,DOGEUSDT,0.007682593138286675,0.003897632871115997,,,,,,,,,,,,,,,,,,,,,,,,2026-09-29T10:59:59.999000Z,2026-09-29T11:59:59.999000Z
2026-09-29T10:59:59.999000Z,1790679599999,ETHUSDT,0.006508766759982132,0.003897632871115997,,,,,,,,,,,,,,,,,,,,,,,,2026-09-29T10:59:59.999000Z,2026-09-29T11:59:59.999000Z
2026-09-29T10:59:59.999000Z,1790679599999,SOLUSDT,0.005860683188211757,0.003897632871115997,,,,,,,,,,,,,,,,,,,,,,,,2026-09-29T10:59:59.999000Z,2026-09-29T11:59:59.999000Z
2026-09-29T10:59:59.999000Z,1790679599999,XRPUSDT,0.006034082620515857,0.003897632871115997,,,,,,,,,,,,,,,,,,,,,,,,2026-09-29T10:59:59.999000Z,2026-09-29T11:59:59.999000Z
2026-09-29T11:59:59.999000Z,1790683199999,ADAUSDT,-0.005120126033871686,-0.00029825264962968223,,,,,,,,,0.7655112525817893,,,,,,,,,,,,,,,2026-09-29T11:59:59.999000Z,2026-09-29T12:59:59.999000Z
2026-09-29T11:59:59.999000Z,1790683199999,AVAXUSDT,-0.009372625179430938,-0.00029825264962968223,,,,,,,,,0.7605292782867774,,,,,,,,,,,,,,,2026-09-29T11:59:59.999000Z,2026-09-29T12:59:59.999000Z
2026-09-29T11:59:59.999000Z,1790683199999,BNBUSDT,-0.0014215289913663831,-0.00029825264962968223,,,,,,,,,-0.5041950235579383,,,,,,,,,,,,,,,2026-09-29T11:59:59.999000Z,2026-09-29T12:59:59.999000Z
2026-09-29T11:59:59.999000Z,1790683199999,BTCUSDT,-0.00029825264962968223,-0.00029825264962968223,,,,,,,0.6607564958430503,-0.925612344892768,0.8303626641536066,,,0.0,,0.0,,,,,,,,,,2026-09-29T11:59:59.999000Z,2026-09-29T12:59:59.999000Z
2026-09-29T11:59:59.999000Z,1790683199999,DOGEUSDT,0.0016710182767623039,-0.00029825264962968223,,,,,,,,,0.33050354019632705,,,,,,,,,,,,,,,2026-09-29T11:59:59.999000Z,2026-09-29T12:59:59.999000Z
2026-09-29T11:59:59.999000Z,1790683199999,ETHUSDT,0.001595625935508993,-0.00029825264962968223,,,,,,,,,1.7629208303183383,,,,,,,,,,,,,,,2026-09-29T11:59:59.999000Z,2026-09-29T12:59:59.999000Z
2026-09-29T11:59:59.999000Z,1790683199999,SOLUSDT,0.006076244381554963,-0.00029825264962968223,,,,,,,,,0.4519840870218183,,,,,,,,,,,,,,,2026-09-29T11:59:59.999000Z,2026-09-29T12:59:59.999000Z
2026-09-29T11:59:59.999000Z,1790683199999,XRPUSDT,0.01990508832059046,-0.00029825264962968223,,,,,,,,,1.07668458377633,,,,,,,,,,,,,,,2026-09-29T11:59:59.999000Z,2026-09-29T12:59:59.999000Z
2026-09-29T12:59:59.999000Z,1790686799999,ADAUSDT,-0.0027711797307995445,-0.001575186893363778,-0.8226268742753653,,,1.5561143357751779,,,,,-1.0599758879982097,,,,,,,,,,,,,,,2026-09-29T12:59:59.999000Z,2026-09-29T13:59:59.999000Z
2026-09-29T12:59:59.999000Z,1790686799999,AVAXUSDT,-0.008694169792021644,-0.001575186893363778,-0.9256329155626022,,,1.1897441798920982,,,,,0.3377441096975844,,,,,,,,,,,,,,,2026-09-29T12:59:59.999000Z,2026-09-29T13:59:59.999000Z
2026-09-29T12:59:59.999000Z,1790686799999,BNBUSDT,-0.0010186890255848846,-0.001575186893363778,-0.5502336527347426,,,0.26781873201288703,,,,,-1.420532524657242,,,,,,,,,,,,,,,2026-09-29T12:59:59.999000Z,2026-09-29T13:59:59.999000Z
2026-09-29T12:59:59.999000Z,1790686799999,BTCUSDT,-0.001575186893363778,-0.001575186893363778,-0.4993534910680781,,,0.10341249766261436,,0.6704497974116377,1.7098005080075527,0.7617438079209771,0.02902682391265007,,,0.0,,0.0,,,,,,,,,,2026-09-29T12:59:59.999000Z,2026-09-29T13:59:59.999000Z
2026-09-29T12:59:59.999000Z,1790686799999,DOGEUSDT,-0.0007298509018871524,-0.001575186893363778,-0.05828348646764298,,,-0.2817605289093819,,,,,0.359096244829442,,,,,,,,,,,,,,,2026-09-29T12:59:59.999000Z,2026-09-29T13:59:59.999000Z
2026-09-29T12:59:59.999000Z,1790686799999,ETHUSDT,-0.0036538623151602945,-0.001575186893363778,-0.058976760345289175,,,-0.29417387830796543,,,,,0.34471652284292387,,,,,,,,,,,,,,,2026-09-29T12:59:59.999000Z,2026-09-29T13:59:59.999000Z
2026-09-29T12:59:59.999000Z,1790686799999,SOLUSDT,0.0012410027302058868,-0.001575186893363778,0.76609887066166,,,-1.8031782871226734,,,,,-1.091526554566128,,,,,,,,,,,,,,,2026-09-29T12:59:59.999000Z,2026-09-29T13:59:59.999000Z
2026-09-29T12:59:59.999000Z,1790686799999,XRPUSDT,0.0005816207832491926,-0.001575186893363778,2.239021273958558,,,-2.7943007042780654,,,,,1.3475986637757444,,,,,,,,,,,,,,,2026-09-29T12:59:59.999000Z,2026-09-29T13:59:59.999000Z
2026-09-29T13:59:59.999000Z,1790690399999,ADAUSDT,0.00039698292973389115,-0.005320664451227475,-0.5354502452961655,,,0.08463714322397932,,,,,-0.17524019165809043,,,,,,,,,,,,,,,2026-09-29T13:59:59.999000Z,2026-09-29T14:59:59.999000Z
2026-09-29T13:59:59.999000Z,1790690399999,AVAXUSDT,-0.01057609630266565,-0.005320664451227475,-0.830481908366427,,,0.8143503130938067,,,,,0.5988482269400777,,,,,,,,,,,,,,,2026-09-29T13:59:59.999000Z,2026-09-29T14:59:59.999000Z
2026-09-29T13:59:59.999000Z,1790690399999,BNBUSDT,-0.0014642245492934025,-0.005320664451227475,-0.4197286773686833,,,-0.8065806648748979,,,,,-1.5685735107831444,,,,,,,,,,,,,,,2026-09-29T13:59:59.999000Z,2026-09-29T14:59:59.999000Z
2026-09-29T13:59:59.999000Z,1790690399999,BTCUSDT,-0.005320664451227475,-0.005320664451227475,-0.8752248158349206,,,-0.46189710397383543,,0.1540822709525495,1.9296862437408677,-1.1395634287903722,-1.0557587990517514,,,0.0,,0.0,,,,,,,,,,2026-09-29T13:59:59.999000Z,2026-09-29T14:59:59.999000Z
2026-09-29T13:59:59.999000Z,1790690399999,DOGEUSDT,-0.0031302170283805664,-0.005320664451227475,-0.41510170007621966,,,-0.7988730007842156,,,,,-0.6148742693899442,,,,,,,,,,,,,,,2026-09-29T13:59:59.999000Z,2026-09-29T14:59:59.999000Z
2026-09-29T13:59:59.999000Z,1790690399999,ETHUSDT,-0.005808942985077947,-0.005320664451227475,-1.174786160200051,,,0.285637446670103,,,,,-1.164527582340682,,,,,,,,,,,,,,,2026-09-29T13:59:59.999000Z,2026-09-29T14:59:59.999000Z
2026-09-29T13:59:59.999000Z,1790690399999,SOLUSDT,-0.0066931085770947085,-0.005320664451227475,-0.1262280814173155,,,-1.256770945675636,,,,,-0.15925503056022158,,,,,,,,,,,,,,,2026-09-29T13:59:59.999000Z,2026-09-29T14:59:59.999000Z
2026-09-29T13:59:59.999000Z,1790690399999,XRPUSDT,-0.0017438480914551135,-0.005320664451227475,-0.348613640970059,,,-0.3077218464162413,,,,,-0.8324965723708593,,,,,,,,,,,,,,,2026-09-29T13:59:59.999000Z,2026-09-29T14:59:59.999000Z
2026-09-29T14:59:59.999000Z,1790693999999,ADAUSDT,-0.030555555555555558,-0.008167087571987808,-0.16803072447554257,,,-1.1639257006027033,,,,,0.46437379368157494,,,,,,,,,,,,,,,2026-09-29T14:59:59.999000Z,2026-09-29T15:59:59.999000Z
2026-09-29T14:59:59.999000Z,1790693999999,AVAXUSDT,-0.02528895454940472,-0.008167087571987808,-0.8717516323199802,,,0.7455919287029976,,,,,0.5805756998361811,,,,,,,,,,,,,,,2026-09-29T14:59:59.999000Z,2026-09-29T15:59:59.999000Z
2026-09-29T14:59:59.999000Z,1790693999999,BNBUSDT,-0.013354456067767195,-0.008167087571987808,-0.5229946259400112,,,-1.181251144438224,,,,,-1.111357346145895,,,,,,,,,,,,,,,2026-09-29T14:59:59.999000Z,2026-09-29T15:59:59.999000Z
2026-09-29T14:59:59.999000Z,1790693999999,BTCUSDT,-0.008167087571987808,-0.008167087571987808,-1.8017906007659183,,,-0.07669055563663346,,1.8914030236433976,0.396820620824492,-0.6153928537184984,-1.6277010073965905,,,0.0,,0.0,,,,,,,,,,2026-09-29T14:59:59.999000Z,2026-09-29T15:59:59.999000Z
2026-09-29T14:59:59.999000Z,1790693999999,DOGEUSDT,-0.018944944525853158,-0.008167087571987808,-0.7586037733751032,,,-0.6792040974952465,,,,,-0.013489498705473368,,,,,,,,,,,,,,,2026-09-29T14:59:59.999000Z,2026-09-29T15:59:59.999000Z
2026-09-29T14:59:59.999000Z,1790693999999,ETHUSDT,-0.013581754266891344,-0.008167087571987808,-1.4663914214053884,,,0.2522964870633889,,,,,0.006486180323973158,,,,,,,,,,,,,,,2026-09-29T14:59:59.999000Z,2026-09-29T15:59:59.999000Z
2026-09-29T14:59:59.999000Z,1790693999999,SOLUSDT,-0.016554363197737287,-0.008167087571987808,-1.4584932055396274,,,0.6473079601456736,,,,,0.2585996817005219,,,,,,,,,,,,,,,2026-09-29T14:59:59.999000Z,2026-09-29T15:59:59.999000Z
2026-09-29T14:59:59.999000Z,1790693999999,XRPUSDT,-0.017921842650103548,-0.008167087571987808,-0.6402110068743718,,,-0.2789135014806601,,,,,0.8730781378335536,,,,,,,,,,,,,,,2026-09-29T14:59:59.999000Z,2026-09-29T15:59:59.999000Z
2026-09-29T15:59:59.999000Z,1790697599999,ADAUSDT,-0.009414654113794496,-8.101796118842319e-05,-2.591748572366005,-2.0290160169293,,2.3123430384281445,,,,,-0.6529656710978942,,,,,,,,,,,,,,,2026-09-29T15:59:59.999000Z,2026-09-29T16:59:59.999000Z
2026-09-29T15:59:59.999000Z,1790697599999,AVAXUSDT,-0.005973609129814594,-8.101796118842319e-05,-1.4762207876032276,-1.8199537884345067,,0.7733201337872317,,,,,-0.37349820324015925,,,,,,,,,,,,,,,2026-09-29T15:59:59.999000Z,2026-09-29T16:59:59.999000Z
2026-09-29T15:59:59.999000Z,1790697599999,BNBUSDT,3.980944545434184e-05,-8.101796118842319e-05,-2.6515777724448415,-2.366276539680099,,-1.490741098233152,,,,,-1.2834615285741668,,,,,,,,,,,,,,,2026-09-29T15:59:59.999000Z,2026-09-29T16:59:59.999000Z
2026-09-29T15:59:59.999000Z,1790697599999,BTCUSDT,-8.101796118842319e-05,-8.101796118842319e-05,-2.110774658492281,-2.410398713124264,,-2.2243353815830775,,2.2727858309523943,1.627464076035646,-0.36611390148990863,-0.34055211760323123,,,0.0,,0.0,,,,,,,,,,2026-09-29T15:59:59.999000Z,2026-09-29T16:59:59.999000Z
2026-09-29T15:59:59.999000Z,1790697599999,DOGEUSDT,-0.004267577083110985,-8.101796118842319e-05,-2.4198864420770416,-2.2442300465406926,,0.2461067488061412,,,,,-0.5834306269786044,,,,,,,,,,,,,,,2026-09-29T15:59:59.999000Z,2026-09-29T16:59:59.999000Z
2026-09-29T15:59:59.999000Z,1790697599999,ETHUSDT,0.0006805850039450778,-8.101796118842319e-05,-2.337554307044187,-2.4030104152736187,,-1.8512530732078465,,,,,-0.8634968907086258,,,,,,,,,,,,,,,2026-09-29T15:59:59.999000Z,2026-09-29T16:59:59.999000Z
2026-09-29T15:59:59.999000Z,1790697599999,SOLUSDT,-0.0013534088986635329,-8.101796118842319e-05,-2.379067390156899,-2.4048925663838023,,-0.668034704691425,,,,,0.33663767393692473,,,,,,,,,,,,,,,2026-09-29T15:59:59.999000Z,2026-09-29T16:59:59.999000Z
2026-09-29T15:59:59.999000Z,1790697599999,XRPUSDT,-0.02108175769154752,-8.101796118842319e-05,-2.2441913971362015,-1.1632898364189797,,0.1311068751000747,,,,,-1.597024500235755,,,,,,,,,,,,,,,2026-09-29T15:59:59.999000Z,2026-09-29T16:59:59.999000Z
2026-09-29T16:59:59.999000Z,1790701199999,ADAUSDT,-0.0016528925619834212,0.00020153797311306398,-0.7402504922400553,-1.791507191657445,,0.6437656204480432,,,,,0.9638183512010634,,,,,,,,,,,,,,,2026-09-29T16:59:59.999000Z,2026-09-29T17:59:59.999000Z
2026-09-29T16:59:59.999000Z,1790701199999,AVAXUSDT,-0.004753789577540468,0.00020153797311306398,-0.4659230601042739,-1.5053151788838643,,0.27505773995597477,,,,,0.30850914079278835,,,,,,,,,,,,,,,2026-09-29T16:59:59.999000Z,2026-09-29T17:59:59.999000Z
2026-09-29T16:59:59.999000Z,1790701199999,BNBUSDT,-0.0026538573817043165,0.00020153797311306398,0.12921207932063,-1.7803603704989155,,-1.455364354563658,,,,,-0.688722638388472,,,,,,,,,,,,,,,2026-09-29T16:59:59.999000Z,2026-09-29T17:59:59.999000Z
2026-09-29T16:59:59.999000Z,1790701199999,BTCUSDT,0.00020153797311306398,0.00020153797311306398,0.0016533519418493823,-1.8903919091768038,,-1.1186014595831006,,0.04619999352785011,1.5497183271798023,-1.2038020111025745,0.7991379764633791,,,0.0,,0.0,,,,,,,,,,2026-09-29T16:59:59.999000Z,2026-09-29T17:59:59.999000Z
2026-09-29T16:59:59.999000Z,1790701199999,DOGEUSDT,-0.0007500267866709098,0.00020153797311306398,-0.5343933269311564,-2.043897707068594,,-0.5793276224149706,,,,,-1.0751573922972741,,,,,,,,,,,,,,,2026-09-29T16:59:59.999000Z,2026-09-29T17:59:59.999000Z
2026-09-29T16:59:59.999000Z,1790701199999,ETHUSDT,-0.0008333364474454319,0.00020153797311306398,0.12427677305556017,-1.9430798738858515,,-1.958916331530964,,,,,0.043445241283111606,,,,,,,,,,,,,,,2026-09-29T16:59:59.999000Z,2026-09-29T17:59:59.999000Z
2026-09-29T16:59:59.999000Z,1790701199999,SOLUSDT,-0.002964594274098009,0.00020153797311306398,-0.20000347481443556,-2.246002938904372,,-1.3521655300767303,,,,,-1.4709344708262833,,,,,,,,,,,,,,,2026-09-29T16:59:59.999000Z,2026-09-29T17:59:59.999000Z
2026-09-29T16:59:59.999000Z,1790701199999,XRPUSDT,-0.0024900733562150945,0.00020153797311306398,-2.1000459426576343,-2.7352240990561887,,2.2858721746047106,,,,,-1.0185770944322847,,,,,,,,,,,,,,,2026-09-29T16:59:59.999000Z,2026-09-29T17:59:59.999000Z
2026-09-29T17:59:59.999000Z,1790704799999,ADAUSDT,0.01448675496688745,0.006764605940850155,-0.06277132716779855,-1.5217674582381395,,-0.2701282576557907,,,,,-0.3680737051432479,,,,,,,,,,,,,,,2026-09-29T17:59:59.999000Z,2026-09-29T18:59:59.999000Z
2026-09-29T17:59:59.999000Z,1790704799999,AVAXUSDT,0.017213410237923554,0.006764605940850155,-0.3883709708593687,-1.2843922535878889,,0.41519959860557554,,,,,-1.2848363848417195,,,,,,,,,,,,,,,2026-09-29T17:59:59.999000Z,2026-09-29T18:59:59.999000Z
2026-09-29T17:59:59.999000Z,1790704799999,BNBUSDT,0.005494797903195847,0.006764605940850155,-0.43480213154722663,-1.6624843099119673,,-0.006819814639940926,,,,,0.6384253816592662,,,,,,,,,,,,,,,2026-09-29T17:59:59.999000Z,2026-09-29T18:59:59.999000Z
2026-09-29T17:59:59.999000Z,1790704799999,BTCUSDT,0.006764605940850155,0.006764605940850155,0.07586481777005823,-1.48013775747183,,-0.48849796420165054,,-0.23998935950040495,0.6418538944089883,0.8439265926938014,0.6931355819166373,,,0.0,,0.0,,,,,,,,,,2026-09-29T17:59:59.999000Z,2026-09-29T18:59:59.999000Z
2026-09-29T17:59:59.999000Z,1790704799999,DOGEUSDT,0.009864893845164202,0.006764605940850155,-0.0746674419707977,-1.718030310973654,,-0.7020815958526693,,,,,1.773659677852878,,,,,,,,,,,,,,,2026-09-29T17:59:59.999000Z,2026-09-29T18:59:59.999000Z
2026-09-29T17:59:59.999000Z,1790704799999,ETHUSDT,0.008265513733468843,0.006764605940850155,-0.14229816664558625,-1.5099954497107066,,-0.4102751017814061,,,,,-0.5071979209012347,,,,,,,,,,,,,,,2026-09-29T17:59:59.999000Z,2026-09-29T18:59:59.999000Z
2026-09-29T17:59:59.999000Z,1790704799999,SOLUSDT,0.012403364200153089,0.006764605940850155,-0.42324711407222376,-2.022279828790611,,0.27911899467438545,,,,,-1.1464184218421338,,,,,,,,,,,,,,,2026-09-29T17:59:59.999000Z,2026-09-29T18:59:59.999000Z
2026-09-29T17:59:59.999000Z,1790704799999,XRPUSDT,0.012009175549858364,0.006764605940850155,-0.23643375705626019,-2.1822650081313864,,0.04511451077170223,,,,,-0.3003828255978576,,,,,,,,,,,,,,,2026-09-29T17:59:59.999000Z,2026-09-29T18:59:59.999000Z
2026-09-29T18:59:59.999000Z,1790708399999,ADAUSDT,-0.007751937984496138,-0.0005498565279771217,1.2804567244967635,-0.9796354860119079,,-0.9146089818551931,,,,,2.488287468490864,,,,,,,,,,,,,,,2026-09-29T18:59:59.999000Z,2026-09-29T19:59:59.999000Z
2026-09-29T18:59:59.999000Z,1790708399999,AVAXUSDT,0.003986887569770614,-0.0005498565279771217,0.7670541734894978,-0.729824635031958,,-0.3121523763114647,,,,,1.060375963947753,,,,,,,,,,,,,,,2026-09-29T18:59:59.999000Z,2026-09-29T19:59:59.999000Z
2026-09-29T18:59:59.999000Z,1790708399999,BNBUSDT,-0.0005954349983460228,-0.0005498565279771217,1.2603688262961412,-0.9081456482253615,,1.0997958653538038,,,,,2.4227260713167187,,,,,,,,,,,,,,,2026-09-29T18:59:59.999000Z,2026-09-29T19:59:59.999000Z
2026-09-29T18:59:59.999000Z,1790708399999,BTCUSDT,-0.0005498565279771217,-0.0005498565279771217,1.6855576483982913,-0.20036435815783282,,0.8146363038202354,,-1.5518892529509116,1.4814163889487122,-0.6469436624628666,1.598077104350203,,,0.0,,0.0,,,,,,,,,,2026-09-29T18:59:59.999000Z,2026-09-29T19:59:59.999000Z
2026-09-29T18:59:59.999000Z,1790708399999,DOGEUSDT,-0.0053089827988956895,-0.0005498565279771217,1.249740477343183,-0.9335679051240325,,0.3517158281307401,,,,,-0.2643675166808476,,,,,,,,,,,,,,,2026-09-29T18:59:59.999000Z,2026-09-29T19:59:59.999000Z
2026-09-29T18:59:59.999000Z,1790708399999,ETHUSDT,-0.002169993990785879,-0.0005498565279771217,1.4019641456903964,-0.508844740064203,,0.7907156808626629,,,,,0.913919527566299,,,,,,,,,,,,,,,2026-09-29T18:59:59.999000Z,2026-09-29T19:59:59.999000Z
2026-09-29T18:59:59.999000Z,1790708399999,SOLUSDT,-0.0031048082571116797,-0.0005498565279771217,1.6849238421628498,-0.7214170571247912,,-0.6003346141195977,,,,,-0.2857800085248763,,,,,,,,,,,,,,,2026-09-29T18:59:59.999000Z,2026-09-29T19:59:59.999000Z
2026-09-29T18:59:59.999000Z,1790708399999,XRPUSDT,-0.004133333333333322,-0.0005498565279771217,1.1694926237735872,-1.4084346420916944,,-0.20429581142440495,,,,,0.9145194190373833,,,,,,,,,,,,,,,2026-09-29T18:59:59.999000Z,2026-09-29T19:59:59.999000Z
2026-09-29T19:59:59.999000Z,1790711999999,ADAUSDT,0.006578947368421018,0.000267722531793968,-0.6471276245322803,-0.17715919183071052,,0.9116166223547971,,,,,-0.24189540888138447,,,,,,,,,,,,,,,2026-09-29T19:59:59.999000Z,2026-09-29T20:59:59.999000Z
2026-09-29T19:59:59.999000Z,1790711999999,AVAXUSDT,0.01147193787504408,0.000267722531793968,0.04041713540805695,-0.1496206831784237,,-0.3066463597412474,,,,,0.4409310368570612,,,,,,,,,,,,,,,2026-09-29T19:59:59.999000Z,2026-09-29T20:59:59.999000Z
2026-09-29T19:59:59.999000Z,1790711999999,BNBUSDT,0.0036276976036011543,0.000267722531793968,-0.05360847695879418,0.38035476020342374,,-0.6800005622429345,,,,,1.9789992502202562,,,,,,,,,,,,,,,2026-09-29T19:59:59.999000Z,2026-09-29T20:59:59.999000Z
2026-09-29T19:59:59.999000Z,1790711999999,BTCUSDT,0.000267722531793968,0.000267722531793968,-0.2184583094811288,0.615962268297647,,-0.4639616692389368,,0.2417819330002856,0.5814450205751684,-0.04282716951995523,-0.9664239582818638,,,0.0,,0.0,,,,,,,,,,2026-09-29T19:59:59.999000Z,2026-09-29T20:59:59.999000Z
2026-09-29T19:59:59.999000Z,1790711999999,DOGEUSDT,0.004056362083689313,0.000267722531793968,-0.7165456994305814,-0.14889319524822253,,1.2168118712748752,,,,,0.3606756224144661,,,,,,,,,,,,,,,2026-09-29T19:59:59.999000Z,2026-09-29T20:59:59.999000Z
2026-09-29T19:59:59.999000Z,1790711999999,ETHUSDT,-0.0002788093724558349,0.000267722531793968,-0.4440113406999574,0.31433653871708034,,-0.16239884997504436,,,,,0.2488262482829866,,,,,,,,,,,,,,,2026-09-29T19:59:59.999000Z,2026-09-29T20:59:59.999000Z
2026-09-29T19:59:59.999000Z,1790711999999,SOLUSDT,0.002104377104377164,0.000267722531793968,-0.49820678357479004,0.20264386703718695,,0.19760517496045932,,,,,-0.300296021859482,,,,,,,,,,,,,,,2026-09-29T19:59:59.999000Z,2026-09-29T20:59:59.999000Z
2026-09-29T19:59:59.999000Z,1790711999999,XRPUSDT,0.0020083009773730343,0.000267722531793968,-0.45408629453783733,-0.7717600433419293,,0.23401945061101048,,,,,-0.9312243980691508,,,,,,,,,,,,,,,2026-09-29T19:59:59.999000Z,2026-09-29T20:59:59.999000Z
2026-09-29T20:59:59.999000Z,1790715599999,ADAUSDT,-0.0028594771241828854,-0.0013442340670291042,0.610102133889011,0.3884841272109802,,-0.7640303632373825,,,,,0.3927533943587794,,,,,,,,,,,,,,,2026-09-29T20:59:59.999000Z,2026-09-29T21:59:59.999000Z
2026-09-29T20:59:59.999000Z,1790715599999,AVAXUSDT,-0.002181120223346711,-0.0013442340670291042,0.44929371333411705,0.2025311931978251,,-0.40515513422165556,,,,,0.4220999612599698,,,,,,,,,,,,,,,2026-09-29T20:59:59.999000Z,2026-09-29T21:59:59.999000Z
2026-09-29T20:59:59.999000Z,1790715599999,BNBUSDT,-0.0011740805234552454,-0.0013442340670291042,0.8463475940230193,0.723117349543763,,-0.17466686504221293,,,,,0.7838820492015542,,,,,,,,,,,,,,,2026-09-29T20:59:59.999000Z,2026-09-29T21:59:59.999000Z
2026-09-29T20:59:59.999000Z,1790715599999,BTCUSDT,-0.0013442340670291042,-0.0013442340670291042,0.0008897613084351446,0.6286527493939122,,0.7012038273092039,,-0.21484978068476018,0.4919942134597159,-1.1419601350243724,-1.1441475921864508,,,0.0,,0.0,,,,,,,,,,2026-09-29T20:59:59.999000Z,2026-09-29T21:59:59.999000Z
2026-09-29T20:59:59.999000Z,1790715599999,DOGEUSDT,0.0007442058260684892,-0.0013442340670291042,0.5153582351037214,0.33225062588368703,,-0.3394748189411998,,,,,0.7286131311236907,,,,,,,,,,,,,,,2026-09-29T20:59:59.999000Z,2026-09-29T21:59:59.999000Z
2026-09-29T20:59:59.999000Z,1790715599999,ETHUSDT,-0.003651562139770803,-0.0013442340670291042,-0.09675050867260702,0.2350254490682481,,1.2415870855596827,,,,,0.6936781844644807,,,,,,,,,,,,,,,2026-09-29T20:59:59.999000Z,2026-09-29T21:59:59.999000Z
2026-09-29T20:59:59.999000Z,1790715599999,SOLUSDT,-0.0009239815203695434,-0.0013442340670291042,0.24997384788599414,0.4341727245968739,,0.5385132194098988,,,,,-0.799684575853706,,,,,,,,,,,,,,,2026-09-29T20:59:59.999000Z,2026-09-29T21:59:59.999000Z
2026-09-29T20:59:59.999000Z,1790715599999,XRPUSDT,-0.0006680919294493881,-0.0013442340670291042,0.1787943587812811,0.24858881037130945,,0.23446613368697547,,,,,0.178314055408892,,,,,,,,,,,,,,,2026-09-29T20:59:59.999000Z,2026-09-29T21:59:59.999000Z
2026-09-29T21:59:59.999000Z,1790719199999,ADAUSDT,0.002458009012699769,0.0012935908811062546,-0.24020988808177413,0.332992373651293,,0.12285630980759948,,,,,0.2570375521030591,,,,,,,,,,,,,,,2026-09-29T21:59:59.999000Z,2026-09-29T22:59:59.999000Z
2026-09-29T21:59:59.999000Z,1790719199999,AVAXUSDT,-0.001486403777214207,0.0012935908811062546,-0.3293768496928523,0.2505868928082422,,0.31613279653808474,,,,,0.4820417160907319,,,,,,,,,,,,,,,2026-09-29T21:59:59.999000Z,2026-09-29T22:59:59.999000Z
2026-09-29T21:59:59.999000Z,1790719199999,BNBUSDT,0.002337713795152796,0.0012935908811062546,-0.22247652013977665,0.8394052577848098,,-0.2816177829930398,,,,,-0.9653851661145656,,,,,,,,,,,,,,,2026-09-29T21:59:59.999000Z,2026-09-29T22:59:59.999000Z
2026-09-29T21:59:59.999000Z,1790719199999,BTCUSDT,0.0012935908811062546,0.0012935908811062546,-0.4312106017919596,0.4359909426231078,,-0.11242334189458075,,0.4786220794401033,-0.18154316102622295,0.6728923778836663,-1.2161416714291704,,,0.0,,0.0,,,,,,,,,,2026-09-29T21:59:59.999000Z,2026-09-29T22:59:59.999000Z
2026-09-29T21:59:59.999000Z,1790719199999,DOGEUSDT,-0.0011685966216934407,0.0012935908811062546,0.06357235885032105,0.41017502666592703,,-1.22767124341195,,,,,1.6995300198755188,,,,,,,,,,,,,,,2026-09-29T21:59:59.999000Z,2026-09-29T22:59:59.999000Z
2026-09-29T21:59:59.999000Z,1790719199999,ETHUSDT,0.000891977428119306,0.0012935908811062546,-0.7025167505542632,0.016106786409019847,,0.5854556090064594,,,,,-0.08502946477716392,,,,,,,,,,,,,,,2026-09-29T21:59:59.999000Z,2026-09-29T22:59:59.999000Z
2026-09-29T21:59:59.999000Z,1790719199999,SOLUSDT,0.0015133680847487785,0.0012935908811062546,-0.19527792631264262,0.5633057903496594,,-0.2830997777184546,,,,,-0.6704399923261911,,,,,,,,,,,,,,,2026-09-29T21:59:59.999000Z,2026-09-29T22:59:59.999000Z
2026-09-29T21:59:59.999000Z,1790719199999,XRPUSDT,-0.001470784864286645,0.0012935908811062546,-0.10388220237295744,0.32271185147699716,,-0.1784481535167387,,,,,0.812266437536409,,,,,,,,,,,,,,,2026-09-29T21:59:59.999000Z,2026-09-29T22:59:59.999000Z
2026-09-29T22:59:59.999000Z,1790722799999,ADAUSDT,-0.000817327339599494,0.0006177342226314497,0.2480664719742987,-0.11927571708117633,,-0.568625755460594,,,,,0.5818564691380816,,,,,,,,,,,,,,,2026-09-29T22:59:59.999000Z,2026-09-29T23:59:59.999000Z
2026-09-29T22:59:59.999000Z,1790722799999,AVAXUSDT,0.0014010507880910517,0.0006177342226314497,-0.2815215614439835,-0.15160488165054573,,0.42516514433467223,,,,,0.289013812426358,,,,,,,,,,,,,,,2026-09-29T22:59:59.999000Z,2026-09-29T23:59:59.999000Z
2026-09-29T22:59:59.999000Z,1790722799999,BNBUSDT,-0.00034259210456966116,0.0006177342226314497,0.5652920664697244,0.4844580908489518,,-0.6516109276311638,,,,,1.039915939516876,,,,,,,,,,,,,,,2026-09-29T22:59:59.999000Z,2026-09-29T23:59:59.999000Z
2026-09-29T22:59:59.999000Z,1790722799999,BTCUSDT,0.0006177342226314497,0.0006177342226314497,0.3036853969183086,-0.19940432614571216,,-0.24163819833087927,,-0.3298257860021124,-0.9545435485216974,1.2666237723627967,0.03830568802743099,,,0.0,,0.0,,,,,,,,,,2026-09-29T22:59:59.999000Z,2026-09-29T23:59:59.999000Z
2026-09-29T22:59:59.999000Z,1790722799999,DOGEUSDT,-0.0013826845352052919,0.0006177342226314497,-0.1985600717393775,-0.26743877213612055,,0.7144549291556611,,,,,1.12046351645942,,,,,,,,,,,,,,,2026-09-29T22:59:59.999000Z,2026-09-29T23:59:59.999000Z
2026-09-29T22:59:59.999000Z,1790722799999,ETHUSDT,-0.0014355868940237881,0.0006177342226314497,0.1556287786020227,-0.5470319410094652,,-0.27300245198773393,,,,,0.36045306843557384,,,,,,,,,,,,,,,2026-09-29T22:59:59.999000Z,2026-09-29T23:59:59.999000Z
2026-09-29T22:59:59.999000Z,1790722799999,SOLUSDT,0.0002518468770986715,0.0006177342226314497,0.17198022948409647,-0.23775515457675284,,-0.4193531046562948,,,,,0.21641743293339435,,,,,,,,,,,,,,,2026-09-29T22:59:59.999000Z,2026-09-29T23:59:59.999000Z
2026-09-29T22:59:59.999000Z,1790722799999,XRPUSDT,-0.002008569898232504,0.0006177342226314497,-0.18724020029978358,-0.2991612940956993,,0.29150796350302954,,,,,0.13164263319512917,,,,,,,,,,,,,,,2026-09-29T22:59:59.999000Z,2026-09-29T23:59:59.999000Z
2026-09-29T23:59:59.999000Z,1790726399999,ADAUSDT,0.0,-0.0025136361474026314,-0.062052396458381516,0.14976700888770303,,-0.06722460368750373,,,,,-0.6102820624338021,,,,,,,,,,,,,,,2026-09-29T23:59:59.999000Z,2026-09-30T00:59:59.999000Z
2026-09-29T23:59:59.999000Z,1790726399999,AVAXUSDT,-0.0010493179433368471,-0.0025136361474026314,-0.10502978199691253,-0.2038054898312355,,0.07093482041656114,,,,,0.41987660703941165,,,,,,,,,,,,,,,2026-09-29T23:59:59.999000Z,2026-09-30T00:59:59.999000Z
2026-09-29T23:59:59.999000Z,1790726399999,BNBUSDT,0.0014367437323703491,-0.0025136361474026314,-0.058054143167027436,0.49657673691811943,,-0.19263447077808307,,,,,0.2692788766996313,,,,,,,,,,,,,,,2026-09-29T23:59:59.999000Z,2026-09-30T00:59:59.999000Z
2026-09-29T23:59:59.999000Z,1790726399999,BTCUSDT,-0.0025136361474026314,-0.0025136361474026314,0.10690013333879203,-0.057183296698815445,,-0.31329300449485153,,-0.014017754355733759,-1.0147622670509575,0.7104290488965596,0.2863017492931717,,,0.0,,0.0,,,,,,,,,,2026-09-29T23:59:59.999000Z,2026-09-30T00:59:59.999000Z
2026-09-29T23:59:59.999000Z,1790726399999,DOGEUSDT,-0.002769197997656847,-0.0025136361474026314,-0.2240534939720895,-0.015677409721264128,,0.3074393049340009,,,,,0.01599833215457946,,,,,,,,,,,,,,,2026-09-29T23:59:59.999000Z,2026-09-30T00:59:59.999000Z
2026-09-29T23:59:59.999000Z,1790726399999,ETHUSDT,-0.0020015085997655557,-0.0025136361474026314,-0.2896478159707756,-0.47305360931149854,,0.19068196085447525,,,,,-0.13958315808205288,,,,,,,,,,,,,,,2026-09-29T23:59:59.999000Z,2026-09-30T00:59:59.999000Z
2026-09-29T23:59:59.999000Z,1790726399999,SOLUSDT,-0.0016785564414604215,-0.0025136361474026314,-0.024243594098734084,0.01869237288378112,,-0.31353653094503914,,,,,-0.31873334201943276,,,,,,,,,,,,,,,2026-09-29T23:59:59.999000Z,2026-09-30T00:59:59.999000Z
2026-09-29T23:59:59.999000Z,1790726399999,XRPUSDT,0.0012075674225144883,-0.0025136361474026314,-0.24188061497341762,-0.19199386146648098,,0.20611365160758965,,,,,-1.4596017481623584,,,,,,,,,,,,,,,2026-09-29T23:59:59.999000Z,2026-09-30T00:59:59.999000Z
2026-09-30T00:59:59.999000Z,1790729999999,ADAUSDT,0.0032719836400818547,-6.410766444886473e-05,0.017137283796488337,-0.1113859686314275,,-0.3469162004444147,,,,,-0.5111457253581032,,,,,,,,,,,,,,,2026-09-30T00:59:59.999000Z,2026-09-30T01:59:59.999000Z
2026-09-30T00:59:59.999000Z,1790729999999,AVAXUSDT,-0.0017507002801120386,-6.410766444886473e-05,-0.25079412064965956,-0.4725022878588702,,0.2500684629530526,,,,,1.179873135653375,,,,,,,,,,,,,,,2026-09-30T00:59:59.999000Z,2026-09-30T01:59:59.999000Z
2026-09-30T00:59:59.999000Z,1790729999999,BNBUSDT,0.0005396512010529264,-6.410766444886473e-05,0.357892192086741,0.24539455459178985,,-0.7875249612059242,,,,,0.7355430807944973,,,,,,,,,,,,,,,2026-09-30T00:59:59.999000Z,2026-09-30T01:59:59.999000Z
2026-09-30T00:59:59.999000Z,1790729999999,BTCUSDT,-6.410766444886473e-05,-6.410766444886473e-05,-0.7873336047978969,-0.3911216803641032,,0.32474761594195845,,0.9044619818946134,-1.3538877221717454,-1.2567500379791177,0.04820885967363756,,,-4.799999999999931,,-4.8,,,,,,,,,,2026-09-30T00:59:59.999000Z,2026-09-30T01:59:59.999000Z
2026-09-30T00:59:59.999000Z,1790729999999,DOGEUSDT,0.003738118124532619,-6.410766444886473e-05,-0.4161962215658886,-0.449241376213252,,0.7582004180729582,,,,,-2.0392041838201447,,,,,,,,,,,,,,,2026-09-30T00:59:59.999000Z,2026-09-30T01:59:59.999000Z
2026-09-30T00:59:59.999000Z,1790729999999,ETHUSDT,-1.87082338677369e-05,-6.410766444886473e-05,-0.3924576634284853,-0.5952966356614912,,0.22555314590124426,,,,,-0.7624605748600257,,,,,,,,,,,,,,,2026-09-30T00:59:59.999000Z,2026-09-30T01:59:59.999000Z
2026-09-30T00:59:59.999000Z,1790729999999,SOLUSDT,0.004287515762925631,-6.410766444886473e-05,-0.3249132268664789,-0.27133035337488587,,0.2704405241062531,,,,,-0.5869502812284905,,,,,,,,,,,,,,,2026-09-30T00:59:59.999000Z,2026-09-30T01:59:59.999000Z
2026-09-30T00:59:59.999000Z,1790729999999,XRPUSDT,0.0032833020637899057,-6.410766444886473e-05,0.12330601399726919,-0.2257887636762481,,-0.42481525341308163,,,,,-2.313732484108668,,,,,,,,,,,,,,,2026-09-30T00:59:59.999000Z,2026-09-30T01:59:59.999000Z
2026-09-30T01:59:59.999000Z,1790733599999,ADAUSDT,0.0012229922543824934,-0.0007589156410081621,0.3352659706550518,0.1383346196949374,,-0.4934820703598647,,,,,-0.8096756482086772,,,,,,,,,,,,,,,2026-09-30T01:59:59.999000Z,2026-09-30T02:59:59.999000Z
2026-09-30T01:59:59.999000Z,1790733599999,AVAXUSDT,-0.0022799017888459616,-0.0007589156410081621,-0.28877328774701017,-0.4501670902111753,,0.5460715370653031,,,,,2.386183484455738,,,,,,,,,,,,,,,2026-09-30T01:59:59.999000Z,2026-09-30T02:59:59.999000Z
2026-09-30T01:59:59.999000Z,1790733599999,BNBUSDT,0.003394022311092426,-0.0007589156410081621,0.1370067871009005,0.43055953849201123,,0.18522500223042848,,,,,0.9286111601130461,,,,,,,,,,,,,,,2026-09-30T01:59:59.999000Z,2026-09-30T02:59:59.999000Z
2026-09-30T01:59:59.999000Z,1790733599999,BTCUSDT,-0.0007589156410081621,-0.0007589156410081621,-0.05919591658940632,-0.22389438045197127,,0.3494787865676049,,-0.2336104919587315,-0.3591712347498756,-0.23489494235618202,-1.3171594209762594,,,-3.396831102433862,,-3.3968311024337874,,,,,,,,,,2026-09-30T01:59:59.999000Z,2026-09-30T02:59:59.999000Z
2026-09-30T01:59:59.999000Z,1790733599999,DOGEUSDT,-0.0008512449457330762,-0.0007589156410081621,0.5370546200778192,-0.24422060434289466,,-1.2070407337779296,,,,,1.6610178165173188,,,,,,,,,,,,,,,2026-09-30T01:59:59.999000Z,2026-09-30T02:59:59.999000Z
2026-09-30T01:59:59.999000Z,1790733599999,ETHUSDT,0.0007184096207020207,-0.0007589156410081621,0.008199951732882335,-0.28365662002579334,,0.43737727304927754,,,,,2.3990866913332165,,,,,,,,,,,,,,,2026-09-30T01:59:59.999000Z,2026-09-30T02:59:59.999000Z
2026-09-30T01:59:59.999000Z,1790733599999,SOLUSDT,0.0020090406830739482,-0.0007589156410081621,0.6285209327579633,0.14391042708488572,,-1.06369958277719,,,,,0.7644295500639094,,,,,,,,,,,,,,,2026-09-30T01:59:59.999000Z,2026-09-30T02:59:59.999000Z
2026-09-30T01:59:59.999000Z,1790733599999,XRPUSDT,0.0026714753222467635,-0.0007589156410081621,0.35783574258925516,-0.025672791197374426,,-0.3275554192408965,,,,,1.2666927364560345,,,,,,,,,,,,,,,2026-09-30T01:59:59.999000Z,2026-09-30T02:59:59.999000Z
2026-09-30T02:59:59.999000Z,1790737199999,ADAUSDT,-0.007328990228013144,-0.0010077390714936518,0.1250859458615288,0.08430275562169977,,-0.2190051088769523,,,,,-1.9148213974952897,,,,,,,,,,,,,,,2026-09-30T02:59:59.999000Z,2026-09-30T03:59:59.999000Z
2026-09-30T02:59:59.999000Z,1790737199999,AVAXUSDT,-0.008701001933556052,-0.0010077390714936518,-0.3161138440426338,-0.45669640395214106,,0.4988349281021491,,,,,2.205864684434129,,,,,,,,,,,,,,,2026-09-30T02:59:59.999000Z,2026-09-30T03:59:59.999000Z
2026-09-30T02:59:59.999000Z,1790737199999,BNBUSDT,-0.002622125494926242,-0.0010077390714936518,0.8182764680955462,0.5387176961160456,,-0.8590375239480884,,,,,-0.2958522461805712,,,,,,,,,,,,,,,2026-09-30T02:59:59.999000Z,2026-09-30T03:59:59.999000Z
2026-09-30T02:59:59.999000Z,1790737199999,BTCUSDT,-0.0010077390714936518,-0.0010077390714936518,-0.26440515901753175,-0.4763991989911895,,0.2931364742580814,,0.05179258713756351,-1.1662044486785894,0.9382132691867983,0.23527721012669717,,,-2.775554665954778,,-2.775554665954844,,,,,,,,,,2026-09-30T02:59:59.999000Z,2026-09-30T03:59:59.999000Z
2026-09-30T02:59:59.999000Z,1790737199999,DOGEUSDT,-0.005431309904153303,-0.0010077390714936518,-0.1524788817672605,-0.21760086642193258,,0.6628478893510128,,,,,0.3072877771736756,,,,,,,,,,,,,,,2026-09-30T02:59:59.999000Z,2026-09-30T03:59:59.999000Z
2026-09-30T02:59:59.999000Z,1790737199999,ETHUSDT,-0.0010992750019628295,-0.0010077390714936518,0.15734138882625467,-0.29167960788709185,,-0.1753765928806889,,,,,0.11780077668404823,,,,,,,,,,,,,,,2026-09-30T02:59:59.999000Z,2026-09-30T03:59:59.999000Z
2026-09-30T02:59:59.999000Z,1790737199999,SOLUSDT,-0.004678362573099393,-0.0010077390714936518,0.24779223973358666,0.18077747093555063,,-0.48889109098350636,,,,,0.3760111058606288,,,,,,,,,,,,,,,2026-09-30T02:59:59.999000Z,2026-09-30T03:59:59.999000Z
2026-09-30T02:59:59.999000Z,1790737199999,XRPUSDT,-0.0052621061746486175,-0.0010077390714936518,0.2792269054417792,0.1855600776951899,,-0.37078181368854696,,,,,0.9493568872879207,,,,,,,,,,,,,,,2026-09-30T02:59:59.999000Z,2026-09-30T03:59:59.999000Z
2026-09-30T03:59:59.999000Z,1790740799999,ADAUSDT,0.0012305168170632097,-0.0010881067554694424,-0.7378562298171769,-0.19384042624577344,,0.5480201364625132,,,,,0.7257613336578793,,,,,,,,,,,,,,,2026-09-30T03:59:59.999000Z,2026-09-30T04:59:59.999000Z
2026-09-30T03:59:59.999000Z,1790740799999,AVAXUSDT,8.866034222876351e-05,-0.0010881067554694424,-0.7157942875790941,-0.6763223531931921,,0.5946004917319208,,,,,-1.0083778141345632,,,,,,,,,,,,,,,2026-09-30T03:59:59.999000Z,2026-09-30T04:59:59.999000Z
2026-09-30T03:59:59.999000Z,1790740799999,BNBUSDT,0.001971764334726789,-0.0010881067554694424,-0.6665031826722738,0.2609654647425472,,-0.6309837414074185,,,,,-1.8039361170063681,,,,,,,,,,,,,,,2026-09-30T03:59:59.999000Z,2026-09-30T04:59:59.999000Z
2026-09-30T03:59:59.999000Z,1790740799999,BTCUSDT,-0.0010881067554694424,-0.0010881067554694424,-0.3343953883832962,-0.6692387844498253,,-0.9569946745713336,,0.3369146749666298,-0.5293521480965767,0.6882503756877808,-1.0234149860586133,,,-2.4053511772117586,,-2.4053511772118195,,,,,,,,,,2026-09-30T03:59:59.999000Z,2026-09-30T04:59:59.999000Z
2026-09-30T03:59:59.999000Z,1790740799999,DOGEUSDT,0.0,-0.0010881067554694424,-0.8304060473691908,-0.4881567330431328,,0.29398612468754265,,,,,0.45923227057172605,,,,,,,,,,,,,,,2026-09-30T03:59:59.999000Z,2026-09-30T04:59:59.999000Z
2026-09-30T03:59:59.999000Z,1790740799999,ETHUSDT,-0.0005801875315828431,-0.0010881067554694424,-0.22127612783324438,-0.25651572541525486,,-1.4211849718813832,,,,,0.9878291554640569,,,,,,,,,,,,,,,2026-09-30T03:59:59.999000Z,2026-09-30T04:59:59.999000Z
2026-09-30T03:59:59.999000Z,1790740799999,SOLUSDT,-0.0030216551955681847,-0.0010881067554694424,-0.8480124227463645,-0.23081021683690003,,0.09030195728649615,,,,,-1.2261583655351833,,,,,,,,,,,,,,,2026-09-30T03:59:59.999000Z,2026-09-30T04:59:59.999000Z
2026-09-30T03:59:59.999000Z,1790740799999,XRPUSDT,6.696129637062675e-05,-0.0010881067554694424,-0.6650337370589896,0.011516904670821582,,0.11614749422777773,,,,,-0.14449014894344347,,,,,,,,,,,,,,,2026-09-30T03:59:59.999000Z,2026-09-30T04:59:59.999000Z
2026-09-30T04:59:59.999000Z,1790744399999,ADAUSDT,0.007374027038099085,0.00209097439118211,0.15257031383465175,-0.13698184813824804,,-0.4603921926134868,,,,,0.6863707909867586,,,,,,,,,,,,,,,2026-09-30T04:59:59.999000Z,2026-09-30T05:59:59.999000Z
2026-09-30T04:59:59.999000Z,1790744399999,AVAXUSDT,0.00035460992907809796,0.00209097439118211,-0.13264120042683408,-0.6310017757879359,,0.15383503324408804,,,,,1.5626103610290494,,,,,,,,,,,,,,,2026-09-30T04:59:59.999000Z,2026-09-30T05:59:59.999000Z
2026-09-30T04:59:59.999000Z,1790744399999,BNBUSDT,0.0025582493702771547,0.00209097439118211,0.48279859164604433,0.3188580222288847,,-0.6836641174581657,,,,,0.2919090778576559,,,,,,,,,,,,,,,2026-09-30T04:59:59.999000Z,2026-09-30T05:59:59.999000Z
2026-09-30T04:59:59.999000Z,1790744399999,BTCUSDT,0.00209097439118211,0.00209097439118211,-0.35257601118829546,-0.4678283256663679,,0.172852861369477,,0.32212349043259847,-1.1489039442551607,-1.026811091786096,1.0508004459751232,,,-2.1527848844277675,,-2.1527848844277706,,,,,,,,,,2026-09-30T04:59:59.999000Z,2026-09-30T05:59:59.999000Z
2026-09-30T04:59:59.999000Z,1790744399999,DOGEUSDT,0.006103437198843542,0.00209097439118211,0.0101908562573058,-0.2854798108127689,,-0.27008060803413747,,,,,-0.4766891599536892,,,,,,,,,,,,,,,2026-09-30T04:59:59.999000Z,2026-09-30T05:59:59.999000Z
2026-09-30T04:59:59.999000Z,1790744399999,ETHUSDT,0.001906367041198509,0.00209097439118211,-0.10794652093875952,-0.12656100720658348,,0.020744872825306473,,,,,-1.179917707857232,,,,,,,,,,,,,,,2026-09-30T04:59:59.999000Z,2026-09-30T05:59:59.999000Z
2026-09-30T04:59:59.999000Z,1790744399999,SOLUSDT,0.002609866980973319,0.00209097439118211,-0.5549854750128026,-0.3388170308461658,,1.1718923940220278,,,,,-1.226820419291059,,,,,,,,,,,,,,,2026-09-30T04:59:59.999000Z,2026-09-30T05:59:59.999000Z
2026-09-30T04:59:59.999000Z,1790744399999,XRPUSDT,0.006762638098426477,0.00209097439118211,-0.011364968357968889,-0.049404234156821346,,-0.0668172734497757,,,,,0.2550306978290981,,,,,,,,,,,,,,,2026-09-30T04:59:59.999000Z,2026-09-30T05:59:59.999000Z
2026-09-30T05:59:59.999000Z,1790747999999,ADAUSDT,-0.013013420089467265,-0.004087834596565254,0.7830297890433976,0.04591543844917511,,-0.9796880938167709,,,,,1.6452168497954358,,,,,,,,,,,,,,,2026-09-30T05:59:59.999000Z,2026-09-30T06:59:59.999000Z
2026-09-30T05:59:59.999000Z,1790747999999,AVAXUSDT,-0.01586316908897556,-0.004087834596565254,-0.11279000976735944,-0.5652839370711016,,0.5065375246282222,,,,,1.1315559514284457,,,,,,,,,,,,,,,2026-09-30T05:59:59.999000Z,2026-09-30T06:59:59.999000Z
2026-09-30T05:59:59.999000Z,1790747999999,BNBUSDT,-0.008989910886036179,-0.004087834596565254,0.6180148482297378,0.5546289758061487,,0.2817797131677686,,,,,0.22447082281066758,,,,,,,,,,,,,,,2026-09-30T05:59:59.999000Z,2026-09-30T06:59:59.999000Z
2026-09-30T05:59:59.999000Z,1790747999999,BTCUSDT,-0.004087834596565254,-0.004087834596565254,0.6471832006817674,-0.1728764038054201,,0.3503327875263262,,-0.44662718188487566,-0.8885468754818772,-1.16754188093708,-0.5494513417199711,,,-1.9663841605003687,,-1.96638416050035,,,,,,,,,,2026-09-30T05:59:59.999000Z,2026-09-30T06:59:59.999000Z
2026-09-30T05:59:59.999000Z,1790747999999,DOGEUSDT,-0.009897828863346114,-0.004087834596565254,0.9409027917482762,-0.11277461986677623,,-1.3815568191287702,,,,,1.9857474775317567,,,,,,,,,,,,,,,2026-09-30T05:59:59.999000Z,2026-09-30T06:59:59.999000Z
2026-09-30T05:59:59.999000Z,1790747999999,ETHUSDT,-0.004867125965855368,-0.004087834596565254,0.4269760061587818,0.04863500305313847,,0.5454948466544931,,,,,0.37272097340931865,,,,,,,,,,,,,,,2026-09-30T05:59:59.999000Z,2026-09-30T06:59:59.999000Z
2026-09-30T05:59:59.999000Z,1790747999999,SOLUSDT,-0.0081451003442774,-0.004087834596565254,0.4006454602500938,-0.4735655316905079,,0.4335530721535127,,,,,-0.3651610333471905,,,,,,,,,,,,,,,2026-09-30T05:59:59.999000Z,2026-09-30T06:59:59.999000Z
2026-09-30T05:59:59.999000Z,1790747999999,XRPUSDT,-0.006983240223463638,-0.004087834596565254,0.8017768345302094,0.140126957551221,,-0.5911203162066115,,,,,-0.3689680705263673,,,,,,,,,,,,,,,2026-09-30T05:59:59.999000Z,2026-09-30T06:59:59.999000Z
2026-09-30T06:59:59.999000Z,1790751599999,ADAUSDT,0.007828594973217973,0.003152337447740905,-1.3316487866473805,-0.5938284068942737,,0.8806653463504042,,,,,-0.010828226774354981,,,,,,,,,,,,,,,2026-09-30T06:59:59.999000Z,2026-09-30T07:59:59.999000Z
2026-09-30T06:59:59.999000Z,1790751599999,AVAXUSDT,0.0005402971634398401,0.003152337447740905,-1.1743186126631355,-0.8708506483469259,,0.8398862686669856,,,,,-0.7464353109502727,,,,,,,,,,,,,,,2026-09-30T06:59:59.999000Z,2026-09-30T07:59:59.999000Z
2026-09-30T06:59:59.999000Z,1790751599999,BNBUSDT,0.0028917762636664346,0.003152337447740905,-2.136268148236334,-0.9628080331782396,,-0.06199599012870023,,,,,-1.9804696321849713,,,,,,,,,,,,,,,2026-09-30T06:59:59.999000Z,2026-09-30T07:59:59.999000Z
2026-09-30T06:59:59.999000Z,1790751599999,BTCUSDT,0.003152337447740905,0.003152337447740905,-1.2863982431108403,-0.6174176248870722,,-1.3112295356908361,,0.8795393730729747,-1.297322828230874,-1.0676647928646101,-0.4264376531318721,,,-1.8215302221567318,,-1.8215302221567489,,,,,,,,,,2026-09-30T06:59:59.999000Z,2026-09-30T07:59:59.999000Z
2026-09-30T06:59:59.999000Z,1790751599999,DOGEUSDT,0.00806191551112545,0.003152337447740905,-1.4976664827203978,-0.7599308626829891,,0.3473895019083696,,,,,0.6280250355377087,,,,,,,,,,,,,,,2026-09-30T06:59:59.999000Z,2026-09-30T07:59:59.999000Z
2026-09-30T06:59:59.999000Z,1790751599999,ETHUSDT,0.00480828828693447,0.003152337447740905,-1.0380974559082596,-0.4630048488729876,,-1.6437134111601865,,,,,-1.1690346638257483,,,,,,,,,,,,,,,2026-09-30T06:59:59.999000Z,2026-09-30T07:59:59.999000Z
2026-09-30T06:59:59.999000Z,1790751599999,SOLUSDT,0.0030477480528277034,0.003152337447740905,-1.3932546631678886,-1.3008622545642823,,-0.3845412074305997,,,,,0.015702631822197673,,,,,,,,,,,,,,,2026-09-30T06:59:59.999000Z,2026-09-30T07:59:59.999000Z
2026-09-30T06:59:59.999000Z,1790751599999,XRPUSDT,0.0049561315384099025,0.003152337447740905,-0.8982482973386764,-0.3977783255491296,,-0.38124221732681224,,,,,-0.7083046577346741,,,,,,,,,,,,,,,2026-09-30T06:59:59.999000Z,2026-09-30T07:59:59.999000Z
2026-09-30T07:59:59.999000Z,1790755199999,ADAUSDT,0.0012264922322158256,-0.0029111125729428533,0.8410719446166458,0.10630044201892222,,-0.9262683740282721,,,,,-0.680920538936376,,,,,,,,,,,,,,,2026-09-30T07:59:59.999000Z,2026-09-30T08:59:59.999000Z
2026-09-30T07:59:59.999000Z,1790755199999,AVAXUSDT,-0.000720007200072037,-0.0029111125729428533,-0.05787875940319711,-0.6274974983549989,,0.5209022790710504,,,,,-0.9873456861346448,,,,,,,,,,,,,,,2026-09-30T07:59:59.999000Z,2026-09-30T08:59:59.999000Z
2026-09-30T07:59:59.999000Z,1790755199999,BNBUSDT,0.0004344906584508035,-0.0029111125729428533,0.7118381537879066,-0.269775902606423,,0.39037089647359124,,,,,-1.5774853701897544,,,,,,,,,,,,,,,2026-09-30T07:59:59.999000Z,2026-09-30T08:59:59.999000Z
2026-09-30T07:59:59.999000Z,1790755199999,BTCUSDT,-0.0029111125729428533,-0.0029111125729428533,0.9884798783263212,-0.03596373846823419,,0.2889300316304974,,-1.009473576800875,-2.6077413135988947,1.4366679631790862,0.9128094490882576,,,-1.704772712123275,,-1.704772712123232,,,,,,,,,,2026-09-30T07:59:59.999000Z,2026-09-30T08:59:59.999000Z
2026-09-30T07:59:59.999000Z,1790755199999,DOGEUSDT,-0.0017061207080402152,-0.0029111125729428533,1.2196456039511743,0.23857190055583968,,-1.9233462781902735,,,,,-0.4384916945115229,,,,,,,,,,,,,,,2026-09-30T07:59:59.999000Z,2026-09-30T08:59:59.999000Z
2026-09-30T07:59:59.999000Z,1790755199999,ETHUSDT,-0.0014056757898514016,-0.0029111125729428533,1.0656948698381168,0.09397106473999514,,-0.2426023420569721,,,,,0.7482881598436082,,,,,,,,,,,,,,,2026-09-30T07:59:59.999000Z,2026-09-30T08:59:59.999000Z
2026-09-30T07:59:59.999000Z,1790755199999,SOLUSDT,-0.0021944632005401754,-0.0029111125729428533,0.5057543861093541,-0.6147211036071478,,0.5505140429763565,,,,,-0.8495030819869985,,,,,,,,,,,,,,,2026-09-30T07:59:59.999000Z,2026-09-30T08:59:59.999000Z
2026-09-30T07:59:59.999000Z,1790755199999,XRPUSDT,-0.002065978007330771,-0.0029111125729428533,0.5941244953885311,0.18575220925508867,,-0.09388805628585735,,,,,-0.15964946311398429,,,,,,,,,,,,,,,2026-09-30T07:59:59.999000Z,2026-09-30T08:59:59.999000Z
2026-09-30T08:59:59.999000Z,1790758799999,ADAUSDT,0.010616578195181692,0.0068574942624466395,0.13977976746327925,0.10430932301607025,,-0.6585055932078074,,,,,-0.6043623033823928,,,,,,,,,,,,,,,2026-09-30T08:59:59.999000Z,2026-09-30T09:59:59.999000Z
2026-09-30T08:59:59.999000Z,1790758799999,AVAXUSDT,0.006304602359722633,0.0068574942624466395,-0.14278701477097777,-0.6320498643928474,,0.07243009914107862,,,,,-1.8022581634474237,,,,,,,,,,,,,,,2026-09-30T08:59:59.999000Z,2026-09-30T09:59:59.999000Z
2026-09-30T08:59:59.999000Z,1790758799999,BNBUSDT,0.006409244051379215,0.0068574942624466395,0.11252668025918183,-0.45556073924622065,,-0.5616787283873509,,,,,-0.43427798462261724,,,,,,,,,,,,,,,2026-09-30T08:59:59.999000Z,2026-09-30T09:59:59.999000Z
2026-09-30T08:59:59.999000Z,1790758799999,BTCUSDT,0.0068574942624466395,0.0068574942624466395,-0.9166027208698431,-0.2910031486534693,,0.40988970019515325,,1.183678058372242,-0.9185869790042894,0.19476297336935236,-0.06279187955987696,,,-1.6080605044147622,,-1.6080605044147396,,,,,,,,,,2026-09-30T08:59:59.999000Z,2026-09-30T09:59:59.999000Z
2026-09-30T08:59:59.999000Z,1790758799999,DOGEUSDT,0.006836146122623399,0.0068574942624466395,-0.2683141193099887,0.10659674193901293,,0.1988956085933244,,,,,0.7845638849904805,,,,,,,,,,,,,,,2026-09-30T08:59:59.999000Z,2026-09-30T09:59:59.999000Z
2026-09-30T08:59:59.999000Z,1790758799999,ETHUSDT,0.006574045995859423,0.0068574942624466395,-0.30114460013667954,0.013771227106050495,,3.247813294473614e-05,,,,,-0.5443517923385346,,,,,,,,,,,,,,,2026-09-30T08:59:59.999000Z,2026-09-30T09:59:59.999000Z
2026-09-30T08:59:59.999000Z,1790758799999,SOLUSDT,0.009473862290644508,0.0068574942624466395,-0.3926711074495399,-0.529783323202689,,0.3967405422778292,,,,,-0.5394584790599214,,,,,,,,,,,,,,,2026-09-30T08:59:59.999000Z,2026-09-30T09:59:59.999000Z
2026-09-30T08:59:59.999000Z,1790758799999,XRPUSDT,0.008614932549752874,0.0068574942624466395,-0.29599415282056174,0.05935921760167805,,0.19189690649603383,,,,,1.7155045962099584,,,,,,,,,,,,,,,2026-09-30T08:59:59.999000Z,2026-09-30T09:59:59.999000Z
2026-09-30T09:59:59.999000Z,1790762399999,ADAUSDT,0.0036363636363636598,0.0034197432298948005,1.1104332768138196,0.2556437144784475,,-0.7669438973576145,,,,,0.6817375374681658,,,,,,,,,,,,,,,2026-09-30T09:59:59.999000Z,2026-09-30T10:59:59.999000Z
2026-09-30T09:59:59.999000Z,1790762399999,AVAXUSDT,0.001163519198066787,0.0034197432298948005,0.3450681209168994,-0.47275838536533316,,0.26339809712678386,,,,,-1.4289090549307355,,,,,,,,,,,,,,,2026-09-30T09:59:59.999000Z,2026-09-30T10:59:59.999000Z
2026-09-30T09:59:59.999000Z,1790762399999,BNBUSDT,0.0077414967765556675,0.0034197432298948005,1.5072342701904649,0.03915021427413056,,0.3392183506344852,,,,,1.159520123452726,,,,,,,,,,,,,,,2026-09-30T09:59:59.999000Z,2026-09-30T10:59:59.999000Z
2026-09-30T09:59:59.999000Z,1790762399999,BTCUSDT,0.0034197432298948005,0.0034197432298948005,2.0229470614061036,0.39045506969452404,,0.16821040567067644,,-1.9004052536787246,-0.39582359681827034,0.7564636220127177,0.8571215835714955,,,-1.5262410572075147,,-1.526241057207505,,,,,,,,,,2026-09-30T09:59:59.999000Z,2026-09-30T10:59:59.999000Z
2026-09-30T09:59:59.999000Z,1790762399999,DOGEUSDT,0.012094207511139432,0.0034197432298948005,1.0234725021420676,0.16033738751022,,0.36597315741989705,,,,,0.7023792599244185,,,,,,,,,,,,,,,2026-09-30T09:59:59.999000Z,2026-09-30T10:59:59.999000Z
2026-09-30T09:59:59.999000Z,1790762399999,ETHUSDT,0.002581201858167903,0.0034197432298948005,1.4169124547437146,0.4632503026691821,,0.3432280801519396,,,,,1.4619250571502758,,,,,,,,,,,,,,,2026-09-30T09:59:59.999000Z,2026-09-30T10:59:59.999000Z
2026-09-30T09:59:59.999000Z,1790762399999,SOLUSDT,0.004524886877828038,0.0034197432298948005,1.5613322714487827,0.08031182127598425,,-0.8141602387785093,,,,,0.896718554779468,,,,,,,,,,,,,,,2026-09-30T09:59:59.999000Z,2026-09-30T10:59:59.999000Z
2026-09-30T09:59:59.999000Z,1790762399999,XRPUSDT,0.0015890882606104384,0.0034197432298948005,1.0507651392665052,0.16642981201815304,,-0.17186305448514716,,,,,0.7384162706025954,,,,,,,,,,,,,,,2026-09-30T09:59:59.999000Z,2026-09-30T10:59:59.999000Z
2026-09-30T10:59:59.999000Z,1790765999999,ADAUSDT,0.00040257648953301306,-3.396172049352497e-05,0.35671746611030686,1.050923223491277,,0.19872390972611345,,,,,-0.9431654773745064,,,,,,,,,,,,,,,2026-09-30T10:59:59.999000Z,2026-09-30T11:59:59.999000Z
2026-09-30T10:59:59.999000Z,1790765999999,AVAXUSDT,-0.0036652959055962775,-3.396172049352497e-05,-0.02103078914051613,-0.0286820229222391,,0.47115393690299356,,,,,-0.5337833148177531,,,,,,,,,,,,,,,2026-09-30T10:59:59.999000Z,2026-09-30T11:59:59.999000Z
2026-09-30T10:59:59.999000Z,1790765999999,BNBUSDT,-0.0008304893398907165,-3.396172049352497e-05,1.7179305929988058,2.058788936989632,,-1.0363211702723858,,,,,-0.026044994568458334,,,,,,,,,,,,,,,2026-09-30T10:59:59.999000Z,2026-09-30T11:59:59.999000Z
2026-09-30T10:59:59.999000Z,1790765999999,BTCUSDT,-3.396172049352497e-05,-3.396172049352497e-05,0.9553951046675212,1.4274258046517236,,0.25178054516030257,,-0.9506501520619423,-0.3207883701835688,1.1373579744388576,1.0151732735064125,,,-1.455843576583851,,-1.4558435765838718,,,,,,,,,,2026-09-30T10:59:59.999000Z,2026-09-30T11:59:59.999000Z
2026-09-30T10:59:59.999000Z,1790765999999,DOGEUSDT,0.004507337526205468,-3.396172049352497e-05,1.7254338389991986,1.7777673074827816,,-3.2404622685406066,,,,,0.251292585733836,,,,,,,,,,,,,,,2026-09-30T10:59:59.999000Z,2026-09-30T11:59:59.999000Z
2026-09-30T10:59:59.999000Z,1790765999999,ETHUSDT,0.0008124320654694372,-3.396172049352497e-05,0.5276782739514911,1.1667798144888994,,0.673338003893638,,,,,1.489010189867567,,,,,,,,,,,,,,,2026-09-30T10:59:59.999000Z,2026-09-30T11:59:59.999000Z
2026-09-30T10:59:59.999000Z,1790765999999,SOLUSDT,-0.0031698365031698206,-3.396172049352497e-05,0.7002822898600403,1.1987269254576116,,-0.0009348122942803671,,,,,1.0578549660071834,,,,,,,,,,,,,,,2026-09-30T10:59:59.999000Z,2026-09-30T11:59:59.999000Z
2026-09-30T10:59:59.999000Z,1790765999999,XRPUSDT,0.0021154227540161052,-3.396172049352497e-05,0.14160198721041578,0.6756605295528249,,0.6222619928985264,,,,,0.9875532077127009,,,,,,,,,,,,,,,2026-09-30T10:59:59.999000Z,2026-09-30T11:59:59.999000Z
2026-09-30T11:59:59.999000Z,1790769599999,ADAUSDT,0.02092555331991952,0.016387503759749844,0.0055287741090636845,0.6664841118548354,-0.7054305429609308,-0.14094200888259498,,,,,-0.35402532394745256,,,,,,,,,,-0.49775076212813674,0.1712037068359429,,,,2026-09-30T11:59:59.999000Z,2026-09-30T12:59:59.999000Z
2026-09-30T11:59:59.999000Z,1790769599999,AVAXUSDT,0.016330192911619523,0.016387503759749844,-0.36460516162769224,-0.1380168318444292,-1.4456728762425397,0.48968796527362474,,,,,0.25207731939646194,,,,,,,,,,-0.49775076212813674,0.1712037068359429,,,,2026-09-30T11:59:59.999000Z,2026-09-30T12:59:59.999000Z
2026-09-30T11:59:59.999000Z,1790769599999,BNBUSDT,0.008740373251600708,0.016387503759749844,-0.28265944841350726,1.5067838633499198,0.4673911527136502,0.22326509800670563,,,,,-2.066392961436578,,,,,,,,,,-0.49775076212813674,0.1712037068359429,,,,2026-09-30T11:59:59.999000Z,2026-09-30T12:59:59.999000Z
2026-09-30T11:59:59.999000Z,1790769599999,BTCUSDT,0.016387503759749844,0.016387503759749844,-0.0886498791295992,0.9352090300347387,-0.49775076212813674,-0.05816149254704754,,0.42192514119991203,0.3382059723318276,-1.1846805556268698,-0.5188406671053061,,,-1.394433377556819,,-1.3944333775567925,,,,,-0.49775076212813674,0.1712037068359429,,,,2026-09-30T11:59:59.999000Z,2026-09-30T12:59:59.999000Z
2026-09-30T11:59:59.999000Z,1790769599999,DOGEUSDT,0.015652718355421147,0.016387503759749844,0.577473026358149,1.430354950831724,0.18996432886860665,-1.807343733298147,,,,,-0.669580806441472,,,,,,,,,,-0.49775076212813674,0.1712037068359429,,,,2026-09-30T11:59:59.999000Z,2026-09-30T12:59:59.999000Z
2026-09-30T11:59:59.999000Z,1790769599999,ETHUSDT,0.012310030395136895,0.016387503759749844,0.13198483594957855,0.7488383072507815,-0.9210663245497446,-0.43387248460331174,,,,,0.0823253251739616,,,,,,,,,,-0.49775076212813674,0.1712037068359429,,,,2026-09-30T11:59:59.999000Z,2026-09-30T12:59:59.999000Z
2026-09-30T11:59:59.999000Z,1790769599999,SOLUSDT,0.020083682008368298,0.016387503759749844,-0.6119733016030825,0.6155997699683347,-0.8062332681461574,1.3465522687639193,,,,,-1.1185090687597259,,,,,,,,,,-0.49775076212813674,0.1712037068359429,,,,2026-09-30T11:59:59.999000Z,2026-09-30T12:59:59.999000Z
2026-09-30T11:59:59.999000Z,1790769599999,XRPUSDT,0.012203971238208267,0.016387503759749844,0.2075093719283577,0.49092812648504325,-0.5123658004963525,-0.43377012669307924,,,,,-0.3350689398997846,,,,,,,,,,-0.49775076212813674,0.1712037068359429,,,,2026-09-30T11:59:59.999000Z,2026-09-30T12:59:59.999000Z
2026-09-30T12:59:59.999000Z,1790773199999,ADAUSDT,-0.008277493102089029,-0.007651278597618161,2.088303522737755,1.5635525441643148,0.7103650806556651,-1.4221383587094552,,,,,0.0011091661755845003,,,,,,,,,,1.8750200137687285,3.231410483269036,,,,2026-09-30T12:59:59.999000Z,2026-09-30T13:59:59.999000Z
2026-09-30T12:59:59.999000Z,1790773199999,AVAXUSDT,-0.01915776463317742,-0.007651278597618161,1.0680391224983738,0.3148197711406415,-0.9487391572869249,-0.022224772386843398,,,,,-0.7610219863825821,,,,,,,,,,1.8750200137687285,3.231410483269036,,,,2026-09-30T12:59:59.999000Z,2026-09-30T13:59:59.999000Z
2026-09-30T12:59:59.999000Z,1790773199999,BNBUSDT,-0.006875064373261908,-0.007651278597618161,1.8577894058897615,2.271246855555973,1.676863119696193,1.9221397400367957,,,,,-0.7697126528632302,,,,,,,,,,1.8750200137687285,3.231410483269036,,,,2026-09-30T12:59:59.999000Z,2026-09-30T13:59:59.999000Z
2026-09-30T12:59:59.999000Z,1790773199999,BTCUSDT,-0.007651278597618161,-0.007651278597618161,3.7467190203738796,3.082237479810939,1.8750200137687285,-0.3641020359722614,,-3.8091502551038436,1.8567595784272075,0.6187708037040033,0.7527162660679549,,,-1.340245423889892,,-1.3402454238898918,,,,,1.8750200137687285,3.231410483269036,,,,2026-09-30T12:59:59.999000Z,2026-09-30T13:59:59.999000Z
2026-09-30T12:59:59.999000Z,1790773199999,DOGEUSDT,-0.010788040686324774,-0.007651278597618161,2.085638222762951,2.4345457175425813,1.2601871665937692,-0.06004114464118399,,,,,1.5597041027662963,,,,,,,,,,1.8750200137687285,3.231410483269036,,,,2026-09-30T12:59:59.999000Z,2026-09-30T13:59:59.999000Z
2026-09-30T12:59:59.999000Z,1790773199999,ETHUSDT,-0.007693124521697126,-0.007651278597618161,2.4446335719374606,1.96505271655436,0.39696750424384325,1.0655648958683497,,,,,0.7832709038029086,,,,,,,,,,1.8750200137687285,3.231410483269036,,,,2026-09-30T12:59:59.999000Z,2026-09-30T13:59:59.999000Z
2026-09-30T12:59:59.999000Z,1790773199999,SOLUSDT,-0.007054963084495491,-0.007651278597618161,2.9252546745747003,2.3824197813036547,0.41063459157884274,-2.0226491762945003,,,,,0.2123726419247412,,,,,,,,,,1.8750200137687285,3.231410483269036,,,,2026-09-30T12:59:59.999000Z,2026-09-30T13:59:59.999000Z
2026-09-30T12:59:59.999000Z,1790773199999,XRPUSDT,-0.009449947862356645,-0.007651278597618161,1.4778759502007373,1.3256264812478893,-1.3696106348265231,0.654766770537265,,,,,-0.25138363588395096,,,,,,,,,,1.8750200137687285,3.231410483269036,,,,2026-09-30T12:59:59.999000Z,2026-09-30T13:59:59.999000Z
2026-09-30T13:59:59.999000Z,1790776799999,ADAUSDT,-0.026629570747217723,-0.009897830447741285,-0.9360465382700618,0.6181964864062764,0.37284421615196894,-0.3358309669385677,,,,,-1.570483484552694,,,,,,,,,,0.8988562532747023,2.5501633299452697,,,,2026-09-30T13:59:59.999000Z,2026-09-30T14:59:59.999000Z
2026-09-30T13:59:59.999000Z,1790776799999,AVAXUSDT,-0.01998199819981994,-0.009897830447741285,-1.4603322844498152,-0.37960334751666314,-1.0366908325220496,1.1120076354509763,,,,,-1.2987128581329652,,,,,,,,,,0.8988562532747023,2.5501633299452697,,,,2026-09-30T13:59:59.999000Z,2026-09-30T14:59:59.999000Z
2026-09-30T13:59:59.999000Z,1790776799999,BNBUSDT,-0.006468925821255467,-0.009897830447741285,-1.6169715261132784,0.740066030004414,0.812909983243684,-0.9201335678483952,,,,,-1.6727083213879663,,,,,,,,,,0.8988562532747023,2.5501633299452697,,,,2026-09-30T13:59:59.999000Z,2026-09-30T14:59:59.999000Z
2026-09-30T13:59:59.999000Z,1790776799999,BTCUSDT,-0.009897830447741285,-0.009897830447741285,-1.8684826007155781,1.2227960604461292,0.8988562532747023,-0.6111411385088549,,2.042446254542379,0.17259650768513876,0.8846134545890914,-0.6656769821074012,,,-1.2919647566133063,,-1.2919647566132857,,,,,0.8988562532747023,2.5501633299452697,,,,2026-09-30T13:59:59.999000Z,2026-09-30T14:59:59.999000Z
2026-09-30T13:59:59.999000Z,1790776799999,DOGEUSDT,-0.015579559617781458,-0.009897830447741285,-1.6187739055845156,1.1595333008210083,0.3806701964373598,0.5646962115092619,,,,,-0.6013902255692511,,,,,,,,,,0.8988562532747023,2.5501633299452697,,,,2026-09-30T13:59:59.999000Z,2026-09-30T14:59:59.999000Z
2026-09-30T13:59:59.999000Z,1790776799999,ETHUSDT,-0.01173431734317354,-0.009897830447741285,-1.6301306100922184,0.5783401808662486,-0.1290455824727246,-0.8937356029040039,,,,,-0.045955814575876636,,,,,,,,,,0.8988562532747023,2.5501633299452697,,,,2026-09-30T13:59:59.999000Z,2026-09-30T14:59:59.999000Z
2026-09-30T13:59:59.999000Z,1790776799999,SOLUSDT,-0.018341044282881747,-0.009897830447741285,-1.1734190225287067,0.9373260394015284,-0.3481283957984481,-1.0631002166331258,,,,,-0.003798699198327834,,,,,,,,,,0.8988562532747023,2.5501633299452697,,,,2026-09-30T13:59:59.999000Z,2026-09-30T14:59:59.999000Z
2026-09-30T13:59:59.999000Z,1790776799999,XRPUSDT,-0.01480360550036186,-0.009897830447741285,-1.297516338648432,0.20127339973184316,-2.0776623255367066,-0.04507402896807298,,,,,-1.5303822901050341,,,,,,,,,,0.8988562532747023,2.5501633299452697,,,,2026-09-30T13:59:59.999000Z,2026-09-30T14:59:59.999000Z
2026-09-30T14:59:59.999000Z,1790780399999,ADAUSDT,0.008983258472845979,0.0039906916478889,-2.550895798330355,-0.8502179609454232,-1.1482332939349507,2.577092301572949,,,,,-0.08768722859921148,,,,,,,,,,0.20267695957986154,2.2931694258128585,,,,2026-09-30T14:59:59.999000Z,2026-09-30T15:59:59.999000Z
2026-09-30T14:59:59.999000Z,1790780399999,AVAXUSDT,0.00642909625275534,0.0039906916478889,-1.45523768044153,-0.9314856558818059,-1.0995390087194439,0.5512284295160603,,,,,-2.2640835191345126,,,,,,,,,,0.20267695957986154,2.2931694258128585,,,,2026-09-30T14:59:59.999000Z,2026-09-30T15:59:59.999000Z
2026-09-30T14:59:59.999000Z,1790780399999,BNBUSDT,0.004279805321050656,0.0039906916478889,-1.4615774313640009,-0.8453110814424563,0.11106728770928681,-2.534939826038969,,,,,-0.8417621175013464,,,,,,,,,,0.20267695957986154,2.2931694258128585,,,,2026-09-30T14:59:59.999000Z,2026-09-30T15:59:59.999000Z
2026-09-30T14:59:59.999000Z,1790780399999,BTCUSDT,0.0039906916478889,0.0039906916478889,-2.1916304061419614,-0.4011069140203187,0.20267695957986154,-1.5577085400767117,,1.6879957110667247,-0.7682686361910862,0.400607253896035,-0.2585449337194189,,,-1.2485889471616751,,-1.2485889471616984,,,,,0.20267695957986154,2.2931694258128585,,,,2026-09-30T14:59:59.999000Z,2026-09-30T15:59:59.999000Z
2026-09-30T14:59:59.999000Z,1790780399999,DOGEUSDT,0.006435956952943744,0.0039906916478889,-2.1146096715322455,-0.7053249049095304,-0.6820913634683198,0.1252847286981676,,,,,-0.6113760817024724,,,,,,,,,,0.20267695957986154,2.2931694258128585,,,,2026-09-30T14:59:59.999000Z,2026-09-30T15:59:59.999000Z
2026-09-30T14:59:59.999000Z,1790780399999,ETHUSDT,0.0020610858038980773,0.0039906916478889,-2.2432867398608334,-0.7827402651475055,-0.8802856868936013,-1.53180702794962,,,,,-1.1047132180532868,,,,,,,,,,0.20267695957986154,2.2931694258128585,,,,2026-09-30T14:59:59.999000Z,2026-09-30T15:59:59.999000Z
2026-09-30T14:59:59.999000Z,1790780399999,SOLUSDT,0.004208045783538061,0.0039906916478889,-2.572360511899315,-0.9763186982671381,-1.3256552533917807,1.2079220797458519,,,,,0.25201112159625816,,,,,,,,,,0.20267695957986154,2.2931694258128585,,,,2026-09-30T14:59:59.999000Z,2026-09-30T15:59:59.999000Z
2026-09-30T14:59:59.999000Z,1790780399999,XRPUSDT,0.005342593829304132,0.0039906916478889,-1.865883003209463,-0.8006327166233004,-2.4697557642255448,-0.14184750366219234,,,,,-0.7181476987873888,,,,,,,,,,0.20267695957986154,2.2931694258128585,,,,2026-09-30T14:59:59.999000Z,2026-09-30T15:59:59.999000Z
2026-09-30T15:59:59.999000Z,1790783999999,ADAUSDT,0.00971266693646311,0.002555553059550242,0.8468819271236472,-0.43047847463932937,1.1102136204419877,-0.9257931169006837,,,,,-1.0486879425455866,,,,,,,,,,1.7881201483666702,1.6958384295336364,,,,2026-09-30T15:59:59.999000Z,2026-09-30T16:59:59.999000Z
2026-09-30T15:59:59.999000Z,1790783999999,AVAXUSDT,0.0064792845409746835,0.002555553059550242,0.40567293049368275,-0.6467927576737593,-0.5566104556583217,-0.09090109514152442,,,,,-1.4024772092138114,,,,,,,,,,1.7881201483666702,1.6958384295336364,,,,2026-09-30T15:59:59.999000Z,2026-09-30T16:59:59.999000Z
2026-09-30T15:59:59.999000Z,1790783999999,BNBUSDT,0.0007795548741669212,0.002555553059550242,0.8697582112399986,-0.264533862928755,2.137383933469179,0.2598876862281569,,,,,0.9229810558213287,,,,,,,,,,1.7881201483666702,1.6958384295336364,,,,2026-09-30T15:59:59.999000Z,2026-09-30T16:59:59.999000Z
2026-09-30T15:59:59.999000Z,1790783999999,BTCUSDT,0.002555553059550242,0.002555553059550242,0.8041139406744765,0.09165884382812914,1.7881201483666702,0.33597637125732105,,-0.5645593626353531,-1.5026804119643944,-1.154566614236205,1.080201657223298,,,-1.209338662244813,,-1.2093386622447824,,,,,1.7881201483666702,1.6958384295336364,,,,2026-09-30T15:59:59.999000Z,2026-09-30T16:59:59.999000Z
2026-09-30T15:59:59.999000Z,1790783999999,DOGEUSDT,-0.0013628262920641898,0.002555553059550242,0.7901635918828153,-0.565459979961904,1.4395780641466691,-0.4634295944881253,,,,,0.023251226374538823,,,,,,,,,,1.7881201483666702,1.6958384295336364,,,,2026-09-30T15:59:59.999000Z,2026-09-30T16:59:59.999000Z
2026-09-30T15:59:59.999000Z,1790783999999,ETHUSDT,0.004512393245196922,0.002555553059550242,0.38323763414822265,-0.6501632399738115,1.1714468112665353,1.131715741359502,,,,,0.04093631466096477,,,,,,,,,,1.7881201483666702,1.6958384295336364,,,,2026-09-30T15:59:59.999000Z,2026-09-30T16:59:59.999000Z
2026-09-30T15:59:59.999000Z,1790783999999,SOLUSDT,0.008548441166610798,0.002555553059550242,0.5492986267394611,-0.35352536837975057,0.5786240864488432,0.4036631152634969,,,,,0.951502696783994,,,,,,,,,,1.7881201483666702,1.6958384295336364,,,,2026-09-30T15:59:59.999000Z,2026-09-30T16:59:59.999000Z
2026-09-30T15:59:59.999000Z,1790783999999,XRPUSDT,0.004251361764315176,0.002555553059550242,0.6291584982545722,-0.5907336857578829,-0.5325523731898388,-0.032207428692031324,,,,,0.41675269034417417,,,,,,,,,,1.7881201483666702,1.6958384295336364,,,,2026-09-30T15:59:59.999000Z,2026-09-30T16:59:59.999000Z
2026-09-30T16:59:59.999000Z,1790787599999,ADAUSDT,-0.012825651302605268,-0.0037697938480681925,0.8962582942169669,-0.9445799546286822,1.9073306500996574,-1.240734600204737,,,,,1.0024691308132712,,,,,,,,,,1.8488110575695742,1.5310778258454272,,,,2026-09-30T16:59:59.999000Z,2026-09-30T17:59:59.999000Z
2026-09-30T16:59:59.999000Z,1790787599999,AVAXUSDT,-0.0025387614470940845,-0.0037697938480681925,0.4033792756560438,-0.8892956652927159,-0.3343130296712696,-0.1826216983609741,,,,,-0.7289623977815798,,,,,,,,,,1.8488110575695742,1.5310778258454272,,,,2026-09-30T16:59:59.999000Z,2026-09-30T17:59:59.999000Z
2026-09-30T16:59:59.999000Z,1790787599999,BNBUSDT,-0.0011554390019083982,-0.0037697938480681925,0.10042585857356691,-1.1343958668993999,1.892071073082116,1.0115197526332884,,,,,-1.1152349931802419,,,,,,,,,,1.8488110575695742,1.5310778258454272,,,,2026-09-30T16:59:59.999000Z,2026-09-30T17:59:59.999000Z
2026-09-30T16:59:59.999000Z,1790787599999,BTCUSDT,-0.0037697938480681925,-0.0037697938480681925,0.48382459139902445,-1.5342308422519584,1.8488110575695742,0.5135377515150209,,-0.31663869230835434,-1.214339046896023,-0.468786277019304,0.6501923090963639,,,-1.1735976398974988,,-1.1735976398975194,,,,,1.8488110575695742,1.5310778258454272,,,,2026-09-30T16:59:59.999000Z,2026-09-30T17:59:59.999000Z
2026-09-30T16:59:59.999000Z,1790787599999,DOGEUSDT,-0.008817971866470597,-0.0037697938480681925,-0.24655888438049633,-1.6205758080852768,1.5147723502329073,2.38783259601514,,,,,0.7392953106380056,,,,,,,,,,1.8488110575695742,1.5310778258454272,,,,2026-09-30T16:59:59.999000Z,2026-09-30T17:59:59.999000Z
2026-09-30T16:59:59.999000Z,1790787599999,ETHUSDT,-0.004863066291272089,-0.0037697938480681925,0.837947258980262,-1.3406935750277496,1.5129933887607387,-0.13459551533913056,,,,,-0.41883923253396216,,,,,,,,,,1.8488110575695742,1.5310778258454272,,,,2026-09-30T16:59:59.999000Z,2026-09-30T17:59:59.999000Z
2026-09-30T16:59:59.999000Z,1790787599999,SOLUSDT,-0.009639355160378948,-0.0037697938480681925,1.1242091291505794,-1.2681369482768243,1.3846026395452975,-1.680870487649391,,,,,0.5302248778332498,,,,,,,,,,1.8488110575695742,1.5310778258454272,,,,2026-09-30T16:59:59.999000Z,2026-09-30T17:59:59.999000Z
2026-09-30T16:59:59.999000Z,1790787599999,XRPUSDT,-0.008069850509326626,-0.0037697938480681925,0.48477054950033127,-1.0503076947591206,1.491533974262923,0.03589751985667072,,,,,1.5736606101142114,,,,,,,,,,1.8488110575695742,1.5310778258454272,,,,2026-09-30T16:59:59.999000Z,2026-09-30T17:59:59.999000Z
2026-09-30T17:59:59.999000Z,1790791199999,ADAUSDT,-0.00893219650832311,-0.0009693988418147947,-1.2385853615455975,-1.1317992967647992,1.2068253569488707,1.428918412097975,,,,,-0.3655287295114656,,,,,,,,,,1.2358010424427541,1.472917262121957,,,,2026-09-30T17:59:59.999000Z,2026-09-30T18:59:59.999000Z
2026-09-30T17:59:59.999000Z,1790791199999,AVAXUSDT,-0.0038178347422961334,-0.0009693988418147947,-0.24509137415539833,-0.42312110874524267,-0.2866301777855969,-0.39194503574598655,,,,,-0.09360732433316754,,,,,,,,,,1.2358010424427541,1.472917262121957,,,,2026-09-30T17:59:59.999000Z,2026-09-30T18:59:59.999000Z
2026-09-30T17:59:59.999000Z,1790791199999,BNBUSDT,-0.0010008058436663525,-0.0009693988418147947,-0.32528530696512914,-0.4732340452888378,1.7939238165443625,-1.4889848785029078,,,,,-0.47367892751730917,,,,,,,,,,1.2358010424427541,1.472917262121957,,,,2026-09-30T17:59:59.999000Z,2026-09-30T18:59:59.999000Z
2026-09-30T17:59:59.999000Z,1790791199999,BTCUSDT,-0.0009693988418147947,-0.0009693988418147947,-0.8884384562987001,-1.032433909926238,1.2358010424427541,-0.7820794265662054,,0.8163375489122542,-0.9105334977827938,-0.8710015326432592,-0.3132740752812605,,,-1.140871290543845,,-1.1408712905438991,,,,,1.2358010424427541,1.472917262121957,,,,2026-09-30T17:59:59.999000Z,2026-09-30T18:59:59.999000Z
2026-09-30T17:59:59.999000Z,1790791199999,DOGEUSDT,-0.0026477441220080777,-0.0009693988418147947,-1.2143066242670906,-1.4288663528939771,0.8075465549360861,0.9523308044402718,,,,,-0.8271816849802301,,,,,,,,,,1.2358010424427541,1.472917262121957,,,,2026-09-30T17:59:59.999000Z,2026-09-30T18:59:59.999000Z
2026-09-30T17:59:59.999000Z,1790791199999,ETHUSDT,-0.0013307389515118118,-0.0009693988418147947,-0.9549058821803029,-1.0406065075939426,0.9382079459839384,-0.7242793314303074,,,,,-1.2783058689091373,,,,,,,,,,1.2358010424427541,1.472917262121957,,,,2026-09-30T17:59:59.999000Z,2026-09-30T18:59:59.999000Z
2026-09-30T17:59:59.999000Z,1790791199999,SOLUSDT,-0.003859708004698814,-0.0009693988418147947,-1.3640033676107732,-1.4240493821017155,0.7295458192671335,1.2896994388646632,,,,,0.03289581310959893,,,,,,,,,,1.2358010424427541,1.472917262121957,,,,2026-09-30T17:59:59.999000Z,2026-09-30T18:59:59.999000Z
2026-09-30T17:59:59.999000Z,1790791199999,XRPUSDT,-0.0027340624166444227,-0.0009693988418147947,-1.0478445944948416,-0.9399531774739477,0.9705243729601684,0.3512322258426451,,,,,-0.23524003070116248,,,,,,,,,,1.2358010424427541,1.472917262121957,,,,2026-09-30T17:59:59.999000Z,2026-09-30T18:59:59.999000Z
2026-09-30T18:59:59.999000Z,1790794799999,ADAUSDT,-0.005735354362966016,-0.00413150684931507,-0.8477585631678533,-0.2524570478774707,-0.010422040152131638,1.2512567110210118,,,,,-0.3465111811689807,,,,,,,,,,0.2568033941870353,1.1909771764371575,,,,2026-09-30T18:59:59.999000Z,2026-09-30T19:59:59.999000Z
2026-09-30T18:59:59.999000Z,1790794799999,AVAXUSDT,-0.005657450497308147,-0.00413150684931507,-0.33419723419974495,0.03650243623818235,-0.6368245498614582,0.1361510358541726,,,,,1.9726904349688588,,,,,,,,,,0.2568033941870353,1.1909771764371575,,,,2026-09-30T18:59:59.999000Z,2026-09-30T19:59:59.999000Z
2026-09-30T18:59:59.999000Z,1790794799999,BNBUSDT,-0.004228412328749265,-0.00413150684931507,-0.28683462301807844,0.15945684406208066,1.0592323420985912,-0.5946610093774961,,,,,-0.04264381856428051,,,,,,,,,,0.2568033941870353,1.1909771764371575,,,,2026-09-30T18:59:59.999000Z,2026-09-30T19:59:59.999000Z
2026-09-30T18:59:59.999000Z,1790794799999,BTCUSDT,-0.00413150684931507,-0.00413150684931507,-0.2671458198691538,0.05896374352870987,0.2568033941870353,-0.627888103178187,,0.22258882292630344,-0.8538058787815637,0.6604548562680687,0.48784870787489804,,,-1.1107574576580566,,-1.1107574576580443,,,,,0.2568033941870353,1.1909771764371575,,,,2026-09-30T18:59:59.999000Z,2026-09-30T19:59:59.999000Z
2026-09-30T18:59:59.999000Z,1790794799999,DOGEUSDT,-0.0013804821068281736,-0.00413150684931507,-0.38166923470169856,-0.5716345176509908,-0.21309638842545728,-0.22538521784694635,,,,,1.1509656325740434,,,,,,,,,,0.2568033941870353,1.1909771764371575,,,,2026-09-30T18:59:59.999000Z,2026-09-30T19:59:59.999000Z
2026-09-30T18:59:59.999000Z,1790794799999,ETHUSDT,-0.0035608308605341588,-0.00413150684931507,-0.26677248156674455,-0.04110451862175472,-0.28259996970840445,-0.8016739846592258,,,,,0.0032904832480669115,,,,,,,,,,0.2568033941870353,1.1909771764371575,,,,2026-09-30T18:59:59.999000Z,2026-09-30T19:59:59.999000Z
2026-09-30T18:59:59.999000Z,1790794799999,SOLUSDT,-0.012466307277628097,-0.00413150684931507,-0.5578500098300818,-0.21361666078255168,-0.7423963082592676,0.2698721410713188,,,,,0.9617823352325311,,,,,,,,,,0.2568033941870353,1.1909771764371575,,,,2026-09-30T18:59:59.999000Z,2026-09-30T19:59:59.999000Z
2026-09-30T18:59:59.999000Z,1790794799999,XRPUSDT,-0.004212637913741157,-0.00413150684931507,-0.3681442534108171,-0.17772237593654544,-0.22512067669487779,-0.10973693093523164,,,,,0.3752759981065854,,,,,,,,,,0.2568033941870353,1.1909771764371575,,,,2026-09-30T18:59:59.999000Z,2026-09-30T19:59:59.999000Z
2026-09-30T19:59:59.999000Z,1790798399999,ADAUSDT,0.008240626287597808,0.0008472167798441177,-0.5324680678738924,-0.9534065939006671,0.09497145698248458,0.05772449473654408,,,,,0.4333299122352233,,,,,,,,,,-0.20008457443559455,1.195833502543421,,,,2026-09-30T19:59:59.999000Z,2026-09-30T20:59:59.999000Z
2026-09-30T19:59:59.999000Z,1790798399999,AVAXUSDT,0.0031201248049921304,0.0008472167798441177,-0.4636084361126775,-0.3044318173521788,-0.7773248285133207,0.11484069204879459,,,,,1.4184802864922745,,,,,,,,,,-0.20008457443559455,1.195833502543421,,,,2026-09-30T19:59:59.999000Z,2026-09-30T20:59:59.999000Z
2026-09-30T19:59:59.999000Z,1790798399999,BNBUSDT,0.0029659245322462002,0.0008472167798441177,-0.9967115452771144,-0.8183395430373827,0.6621835526509848,-0.24631178377001328,,,,,-0.7800006790890491,,,,,,,,,,-0.20008457443559455,1.195833502543421,,,,2026-09-30T19:59:59.999000Z,2026-09-30T20:59:59.999000Z
2026-09-30T19:59:59.999000Z,1790798399999,BTCUSDT,0.0008472167798441177,0.0008472167798441177,-0.9511169606276326,-0.9208832823865878,-0.20008457443559455,-0.28956208845840764,,0.9885578364220766,-1.339855245994136,-1.2864714954275531,-0.7617484713439959,,,-1.0829253310950606,,-1.0829253310950269,,,,,-0.20008457443559455,1.195833502543421,,,,2026-09-30T19:59:59.999000Z,2026-09-30T20:59:59.999000Z
2026-09-30T19:59:59.999000Z,1790798399999,DOGEUSDT,0.003934495959166284,0.0008472167798441177,-0.2074275062902259,-1.054686885429672,0.11605878796322887,-1.5251742729310729,,,,,0.6227170503132705,,,,,,,,,,-0.20008457443559455,1.195833502543421,,,,2026-09-30T19:59:59.999000Z,2026-09-30T20:59:59.999000Z
2026-09-30T19:59:59.999000Z,1790798399999,ETHUSDT,0.004835912361730754,0.0008472167798441177,-0.6919445714091803,-0.5765951991154847,-0.4518454816861772,-0.7009988591644802,,,,,-1.3718282279221514,,,,,,,,,,-0.20008457443559455,1.195833502543421,,,,2026-09-30T19:59:59.999000Z,2026-09-30T20:59:59.999000Z
2026-09-30T19:59:59.999000Z,1790798399999,SOLUSDT,0.006908904810644767,0.0008472167798441177,-1.6748564136019959,-1.540384027875172,-1.4801856436205223,2.6935339258479427,,,,,-1.073707315539226,,,,,,,,,,-0.20008457443559455,1.195833502543421,,,,2026-09-30T19:59:59.999000Z,2026-09-30T20:59:59.999000Z
2026-09-30T19:59:59.999000Z,1790798399999,XRPUSDT,0.0016787536932580949,0.0008472167798441177,-0.548728705684184,-0.7666544994577846,-0.2258970168792746,-0.22901935939849072,,,,,-0.7006855191474612,,,,,,,,,,-0.20008457443559455,1.195833502543421,,,,2026-09-30T19:59:59.999000Z,2026-09-30T20:59:59.999000Z
2026-09-30T20:59:59.999000Z,1790801999999,ADAUSDT,-0.000817327339599494,0.0010006693836399627,0.8069322452580434,-0.9995193719744186,0.18066408358830435,-1.0164499952114256,,,,,2.1958950419523093,,,,,,,,,,-0.12082821234985255,1.131322268397218,,,,2026-09-30T20:59:59.999000Z,2026-09-30T21:59:59.999000Z
2026-09-30T20:59:59.999000Z,1790801999999,AVAXUSDT,-0.0010063123227517234,0.0010006693836399627,0.18922171601094318,-0.39472683520313445,-0.8862598124617077,0.1674852956444535,,,,,0.6023834017699137,,,,,,,,,,-0.12082821234985255,1.131322268397218,,,,2026-09-30T20:59:59.999000Z,2026-09-30T21:59:59.999000Z
2026-09-30T20:59:59.999000Z,1790801999999,BNBUSDT,-0.0009900603155166277,0.0010006693836399627,0.6285312139456801,-0.5538763954558326,0.5752319339109331,0.33569305491238943,,,,,1.3883380228400877,,,,,,,,,,-0.12082821234985255,1.131322268397218,,,,2026-09-30T20:59:59.999000Z,2026-09-30T21:59:59.999000Z
2026-09-30T20:59:59.999000Z,1790801999999,BTCUSDT,0.0010006693836399627,0.0010006693836399627,0.1592233081206892,-1.09958961497418,-0.12082821234985255,0.9407601694560204,,-0.4049522612735791,-0.7458767521464907,0.9131171284028459,0.07217121824203229,,,-1.0570999562294159,,-1.0570999562294559,,,,,-0.12082821234985255,1.131322268397218,,,,2026-09-30T20:59:59.999000Z,2026-09-30T21:59:59.999000Z
2026-09-30T20:59:59.999000Z,1790801999999,DOGEUSDT,-0.0013769727783072838,0.0010006693836399627,0.5137554608160122,-0.6954522932147859,0.10309401384353473,0.0779147824770397,,,,,0.7173972264406233,,,,,,,,,,-0.12082821234985255,1.131322268397218,,,,2026-09-30T20:59:59.999000Z,2026-09-30T21:59:59.999000Z
2026-09-30T20:59:59.999000Z,1790801999999,ETHUSDT,0.0006672830025498122,0.0010006693836399627,0.9437870943197543,-0.5366906133640927,0.22767247247365194,-0.3567547867892147,,,,,0.9351724493682657,,,,,,,,,,-0.12082821234985255,1.131322268397218,,,,2026-09-30T20:59:59.999000Z,2026-09-30T21:59:59.999000Z
2026-09-30T20:59:59.999000Z,1790801999999,SOLUSDT,-8.470986869957287e-05,0.0010006693836399627,0.9378585703756813,-1.5973816342880338,-1.002140430808635,-1.1327411079776606,,,,,0.6389578427069159,,,,,,,,,,-0.12082821234985255,1.131322268397218,,,,2026-09-30T20:59:59.999000Z,2026-09-30T21:59:59.999000Z
2026-09-30T20:59:59.999000Z,1790801999999,XRPUSDT,-0.0017429778105516602,0.0010006693836399627,0.20808875076081426,-0.9080223215620333,-0.24786440054625494,0.5404893248155536,,,,,2.1381090200578106,,,,,,,,,,-0.12082821234985255,1.131322268397218,,,,2026-09-30T20:59:59.999000Z,2026-09-30T21:59:59.999000Z
2026-09-30T21:59:59.999000Z,1790805599999,ADAUSDT,0.013496932515337345,-0.0008580701575925387,-0.07385527995157215,-0.39915947273323305,0.2883488245189385,0.013928551601017473,,,,,-0.6648157920935314,,,,,,,,,,0.19235860844781874,1.068994670070762,,,,2026-09-30T21:59:59.999000Z,2026-09-30T22:59:59.999000Z
2026-09-30T21:59:59.999000Z,1790805599999,AVAXUSDT,0.00293040293040292,-0.0008580701575925387,-0.1208801053598914,-0.34566066664042655,-0.8314457924311474,0.1082604008743856,,,,,1.2566080712241063,,,,,,,,,,0.19235860844781874,1.068994670070762,,,,2026-09-30T21:59:59.999000Z,2026-09-30T22:59:59.999000Z
2026-09-30T21:59:59.999000Z,1790805599999,BNBUSDT,0.003246964935386787,-0.0008580701575925387,-0.2737960274761405,-0.5262256438883375,0.5767704373460306,0.14441072835026258,,,,,1.0817580297134737,,,,,,,,,,0.19235860844781874,1.068994670070762,,,,2026-09-30T21:59:59.999000Z,2026-09-30T22:59:59.999000Z
2026-09-30T21:59:59.999000Z,1790805599999,BTCUSDT,-0.0008580701575925387,-0.0008580701575925387,0.1916990567047262,-0.5055701954452313,0.19235860844781874,-0.45396252659077485,,-0.10766121467779122,-0.40470773898837964,1.307531818610852,0.12965800473897962,,,-1.0330506647252435,,-1.0330506647252726,,,,,0.19235860844781874,1.068994670070762,,,,2026-09-30T21:59:59.999000Z,2026-09-30T22:59:59.999000Z
2026-09-30T21:59:59.999000Z,1790805599999,DOGEUSDT,0.0024395417904115035,-0.0008580701575925387,-0.2181545220311364,-0.1969947418538237,-0.0834638958485703,0.3633844267951399,,,,,0.45212725154971983,,,,,,,,,,0.19235860844781874,1.068994670070762,,,,2026-09-30T21:59:59.999000Z,2026-09-30T22:59:59.999000Z
2026-09-30T21:59:59.999000Z,1790805599999,ETHUSDT,0.0010021197253671232,-0.0008580701575925387,0.119121944702249,0.009911861437437197,0.7946127486444882,-0.5293021480846077,,,,,0.4532926246625751,,,,,,,,,,0.19235860844781874,1.068994670070762,,,,2026-09-30T21:59:59.999000Z,2026-09-30T22:59:59.999000Z
2026-09-30T21:59:59.999000Z,1790805599999,SOLUSDT,0.0009318874957642276,-0.0008580701575925387,-0.013659612451350393,-0.8154562015619982,-0.8888355399127392,-0.2266816936053681,,,,,-1.9973045106450666,,,,,,,,,,0.19235860844781874,1.068994670070762,,,,2026-09-30T21:59:59.999000Z,2026-09-30T22:59:59.999000Z
2026-09-30T21:59:59.999000Z,1790805599999,XRPUSDT,0.00013430931435087778,-0.0008580701575925387,-0.23513998619818344,-0.4969049108801146,-0.3338180678906213,0.2590007669265952,,,,,1.9417424870364262,,,,,,,,,,0.19235860844781874,1.068994670070762,,,,2026-09-30T21:59:59.999000Z,2026-09-30T22:59:59.999000Z
2026-09-30T22:59:59.999000Z,1790809199999,ADAUSDT,-0.004842615012106477,-0.0007438533515522483,1.2956615616158473,0.7196756138486858,0.8843455623636605,-2.342079238135441,,,,,1.153621046898962,,,,,,,,,,-0.10372088542154069,1.018058688248801,,,,2026-09-30T22:59:59.999000Z,2026-09-30T23:59:59.999000Z
2026-09-30T22:59:59.999000Z,1790809199999,AVAXUSDT,-0.001369612856099378,-0.0007438533515522483,0.1776579065860143,-0.14547875177913713,-0.7262573790842857,0.04982604982737489,,,,,0.2979009442292159,,,,,,,,,,-0.10372088542154069,1.018058688248801,,,,2026-09-30T22:59:59.999000Z,2026-09-30T23:59:59.999000Z
2026-09-30T22:59:59.999000Z,1790809199999,BNBUSDT,-0.00011698034730167617,-0.0007438533515522483,0.6950931339581213,-0.018634774896119064,0.6529868590237982,-0.08266192983253574,,,,,1.590076086300748,,,,,,,,,,-0.10372088542154069,1.018058688248801,,,,2026-09-30T22:59:59.999000Z,2026-09-30T23:59:59.999000Z
2026-09-30T22:59:59.999000Z,1790809199999,BTCUSDT,-0.0007438533515522483,-0.0007438533515522483,-0.2303538068682012,-0.4847246058829962,-0.10372088542154069,1.0968463514598752,,0.06865133352413574,-1.0979011716029912,-0.08463256746521179,-0.27964279634834227,,,-1.010582305279805,,-1.0105823052798228,,,,,-0.10372088542154069,1.018058688248801,,,,2026-09-30T22:59:59.999000Z,2026-09-30T23:59:59.999000Z
2026-09-30T22:59:59.999000Z,1790809199999,DOGEUSDT,0.0005290445455508053,-0.0007438533515522483,0.3116632944273658,0.14490697929475965,0.2394026065017086,0.21174985013498404,,,,,-0.08905085068651504,,,,,,,,,,-0.10372088542154069,1.018058688248801,,,,2026-09-30T22:59:59.999000Z,2026-09-30T23:59:59.999000Z
2026-09-30T22:59:59.999000Z,1790809199999,ETHUSDT,-0.00036844064011898325,-0.0007438533515522483,0.18394958949402881,0.24091100901805992,0.7814098939264751,0.7428231287705939,,,,,0.5746551289367826,,,,,,,,,,-0.10372088542154069,1.018058688248801,,,,2026-09-30T22:59:59.999000Z,2026-09-30T23:59:59.999000Z
2026-09-30T22:59:59.999000Z,1790809199999,SOLUSDT,-0.0002539145154464295,-0.0007438533515522483,0.12490336641718999,-0.42283538272902277,-0.9031550774211592,0.6979248762951697,,,,,-0.8080154071536337,,,,,,,,,,-0.10372088542154069,1.018058688248801,,,,2026-09-30T22:59:59.999000Z,2026-09-30T23:59:59.999000Z
2026-09-30T22:59:59.999000Z,1790809199999,XRPUSDT,0.0004700194722351281,-0.0007438533515522483,0.012078647649263068,-0.3080850580982905,-0.18571949362945595,0.6240389726080784,,,,,1.4063868484033555,,,,,,,,,,-0.10372088542154069,1.018058688248801,,,,2026-09-30T22:59:59.999000Z,2026-09-30T23:59:59.999000Z
2026-09-30T23:59:59.999000Z,1790812799999,ADAUSDT,-0.0008110300081103361,-0.001370067779909112,-0.48861059799520856,0.7521937511181384,0.630657771447914,0.8759790008449996,,,,,-1.44260159335769,,,,,,,,,,-0.2900877531582108,0.9767753866261749,,,,2026-09-30T23:59:59.999000Z,2026-10-01T00:59:59.999000Z
2026-09-30T23:59:59.999000Z,1790812799999,AVAXUSDT,-0.008046082106610508,-0.001370067779909112,-0.15253465233919455,-0.01658951100248751,-0.7516857967679371,0.11572416842437792,,,,,1.2161470878231269,,,,,,,,,,-0.2900877531582108,0.9767753866261749,,,,2026-09-30T23:59:59.999000Z,2026-10-01T00:59:59.999000Z
2026-09-30T23:59:59.999000Z,1790812799999,BNBUSDT,0.0012479363552460043,-0.001370067779909112,-0.08673299990622224,0.47547234512477493,0.6572998751314311,-0.19570066316321252,,,,,-0.0772180384110436,,,,,,,,,,-0.2900877531582108,0.9767753866261749,,,,2026-09-30T23:59:59.999000Z,2026-10-01T00:59:59.999000Z
2026-09-30T23:59:59.999000Z,1790812799999,BTCUSDT,-0.001370067779909112,-0.001370067779909112,-0.20175358144751498,-0.05771634629596425,-0.2900877531582108,-0.04711195040030421,,0.3663833828838189,-2.1295600604322207,0.2729815639387494,0.5257723692930659,,,-0.9895285072531598,,-0.9895285072531598,,,,,-0.2900877531582108,0.9767753866261749,,,,2026-09-30T23:59:59.999000Z,2026-10-01T00:59:59.999000Z
2026-09-30T23:59:59.999000Z,1790812799999,DOGEUSDT,0.0,-0.001370067779909112,0.041425591746932444,0.2725912084189994,0.4079345556781003,-0.558292701706871,,,,,1.7289133367837308,,,,,,,,,,-0.2900877531582108,0.9767753866261749,,,,2026-09-30T23:59:59.999000Z,2026-10-01T00:59:59.999000Z
2026-09-30T23:59:59.999000Z,1790812799999,ETHUSDT,-0.00039091440463745464,-0.001370067779909112,-0.09183660065372705,0.55780203690799,0.8964207035188945,-0.23890207439980352,,,,,0.5427670407598312,,,,,,,,,,-0.2900877531582108,0.9767753866261749,,,,2026-09-30T23:59:59.999000Z,2026-10-01T00:59:59.999000Z
2026-09-30T23:59:59.999000Z,1790812799999,SOLUSDT,-0.0010159160176091975,-0.001370067779909112,-0.0397165339120576,0.5774460641433378,-0.9118466309159796,-0.2879714533631502,,,,,-0.2927192572718078,,,,,,,,,,-0.2900877531582108,0.9767753866261749,,,,2026-09-30T23:59:59.999000Z,2026-10-01T00:59:59.999000Z
2026-09-30T23:59:59.999000Z,1790812799999,XRPUSDT,0.0005369127516778871,-0.001370067779909112,0.05621485271846915,-0.0015763801910552509,0.04127551804355402,-0.3464356640844982,,,,,0.915626887731561,,,,,,,,,,-0.2900877531582108,0.9767753866261749,,,,2026-09-30T23:59:59.999000Z,2026-10-01T00:59:59.999000Z
2026-10-01T00:59:59.999000Z,1790816399999,ADAUSDT,0.0040584415584414835,0.00010825176630602229,-0.0907086625647605,0.28430454277755063,0.5676541374049561,-0.10674058299960675,,,,,-1.6226305063988133,,,,,,,,,,-0.1220154098850034,0.9196211855557556,,,,2026-10-01T00:59:59.999000Z,2026-10-01T01:59:59.999000Z
2026-10-01T00:59:59.999000Z,1790816399999,AVAXUSDT,0.0017513134851139256,0.00010825176630602229,-0.6632438249816487,-0.34983147421586913,-0.8506266454862318,0.8779598824059462,,,,,0.6525097227224979,,,,,,,,,,-0.1220154098850034,0.9196211855557556,,,,2026-10-01T00:59:59.999000Z,2026-10-01T01:59:59.999000Z
2026-10-01T00:59:59.999000Z,1790816399999,BNBUSDT,-0.001583942458746157,0.00010825176630602229,0.23181275733832463,0.26186236553448156,0.6190518972529973,-0.7112989971934378,,,,,-0.9146861622833371,,,,,,,,,,-0.1220154098850034,0.9196211855557556,,,,2026-10-01T00:59:59.999000Z,2026-10-01T01:59:59.999000Z
2026-10-01T00:59:59.999000Z,1790816399999,BTCUSDT,0.00010825176630602229,0.00010825176630602229,-0.34388347312521494,-0.335468516241247,-0.1220154098850034,0.02211551082740646,,0.24321850031795486,-1.5390011295630175,-0.6609448646873254,1.3861769339525216,,,-0.8099153546165414,,-0.3924004143512323,,,,,-0.1220154098850034,0.9196211855557556,,,,2026-10-01T00:59:59.999000Z,2026-10-01T01:59:59.999000Z
2026-10-01T00:59:59.999000Z,1790816399999,DOGEUSDT,0.0019035532994924331,0.00010825176630602229,-0.033759837884277416,0.000626603265110622,0.6530311941490212,-0.4944245274151581,,,,,0.12541393082362534,,,,,,,,,,-0.1220154098850034,0.9196211855557556,,,,2026-10-01T00:59:59.999000Z,2026-10-01T01:59:59.999000Z
2026-10-01T00:59:59.999000Z,1790816399999,ETHUSDT,0.0018808473869258435,0.00010825176630602229,-0.0954270385952931,0.023434372895829787,1.075082789738323,-0.38940122891620654,,,,,1.6730765964402865,,,,,,,,,,-0.1220154098850034,0.9196211855557556,,,,2026-10-01T00:59:59.999000Z,2026-10-01T01:59:59.999000Z
2026-10-01T00:59:59.999000Z,1790816399999,SOLUSDT,0.0010169491525424679,0.00010825176630602229,-0.14540312128851082,-0.0769611406876407,-0.8231215153663555,-0.14323520254440322,,,,,-1.6230708342282862,,,,,,,,,,-0.1220154098850034,0.9196211855557556,,,,2026-10-01T00:59:59.999000Z,2026-10-01T01:59:59.999000Z
2026-10-01T00:59:59.999000Z,1790816399999,XRPUSDT,-0.0008049369466057721,0.00010825176630602229,0.0645550606900554,-0.07625877033839387,-0.021290785174519686,-0.4517067835954229,,,,,1.5736959354011877,,,,,,,,,,-0.1220154098850034,0.9196211855557556,,,,2026-10-01T00:59:59.999000Z,2026-10-01T01:59:59.999000Z
2026-10-01T01:59:59.999000Z,1790819999999,ADAUSDT,0.006871463217461571,-0.0003267556350381451,0.3893010846336717,0.5297221457144488,0.5984348765014181,-0.6799327836659521,,,,,0.4633950834093722,,,,,,,,,,-0.09474011458081612,0.8875407528569597,,,,2026-10-01T01:59:59.999000Z,2026-10-01T02:59:59.999000Z
2026-10-01T01:59:59.999000Z,1790819999999,AVAXUSDT,0.017942583732057482,-0.0003267556350381451,0.10449698889122382,-0.2631532729105626,-0.7617784770167513,-0.056515591345385426,,,,,-0.5087397941254626,,,,,,,,,,-0.09474011458081612,0.8875407528569597,,,,2026-10-01T01:59:59.999000Z,2026-10-01T02:59:59.999000Z
2026-10-01T01:59:59.999000Z,1790819999999,BNBUSDT,-0.0006371828714841765,-0.0003267556350381451,-0.4358533393067325,0.18606201499516564,0.3746383974691694,0.8117681571339301,,,,,-0.6193632002345973,,,,,,,,,,-0.09474011458081612,0.8875407528569597,,,,2026-10-01T01:59:59.999000Z,2026-10-01T02:59:59.999000Z
2026-10-01T01:59:59.999000Z,1790819999999,BTCUSDT,-0.0003267556350381451,-0.0003267556350381451,0.0043443457709899614,-0.4440142954100206,-0.09474011458081612,0.25949661081278125,,6.619480307147891,-1.6622558250399677,-1.1040825680672035,0.9499065872317003,,,-0.7966256217891199,,-0.387928221304931,,,,,-0.09474011458081612,0.8875407528569597,,,,2026-10-01T01:59:59.999000Z,2026-10-01T02:59:59.999000Z
2026-10-01T01:59:59.999000Z,1790819999999,DOGEUSDT,0.005383153894870096,-0.0003267556350381451,0.23839478481733706,0.2277236101722934,0.4655439194118841,-0.3324184885322022,,,,,-1.023119348950654,,,,,,,,,,-0.09474011458081612,0.8875407528569597,,,,2026-10-01T01:59:59.999000Z,2026-10-01T02:59:59.999000Z
2026-10-01T01:59:59.999000Z,1790819999999,ETHUSDT,-0.0011115200315241491,-0.0003267556350381451,0.369032969881751,0.1471184557453104,1.2729926242795888,-0.3845954856717891,,,,,-1.5521019346214198,,,,,,,,,,-0.09474011458081612,0.8875407528569597,,,,2026-10-01T01:59:59.999000Z,2026-10-01T02:59:59.999000Z
2026-10-01T01:59:59.999000Z,1790819999999,SOLUSDT,0.0006772773450727243,-0.0003267556350381451,0.1422062460049567,0.014928975839649576,-1.0714959386330702,-0.048484307078190035,,,,,-0.21841941412080196,,,,,,,,,,-0.09474011458081612,0.8875407528569597,,,,2026-10-01T01:59:59.999000Z,2026-10-01T02:59:59.999000Z
2026-10-01T01:59:59.999000Z,1790819999999,XRPUSDT,0.0022824919441462033,-0.0003267556350381451,-0.11695483454168641,-0.013210994103843793,-0.4033741089840323,0.4206541861399462,,,,,1.9011295567571054,,,,,,,,,,-0.09474011458081612,0.8875407528569597,,,,2026-10-01T01:59:59.999000Z,2026-10-01T02:59:59.999000Z
2026-10-01T02:59:59.999000Z,1790823599999,ADAUSDT,0.008028904054596664,0.0031528032197087885,0.6620941660170185,0.18456103174255606,0.907263763841176,-0.6632767642547075,,,,,0.4859727800125534,,,,,,,,,,-0.029015895745415073,0.8563323576624507,,,,2026-10-01T02:59:59.999000Z,2026-10-01T03:59:59.999000Z
2026-10-01T02:59:59.999000Z,1790823599999,AVAXUSDT,0.005333092289613983,0.0031528032197087885,1.3483981383450108,0.1942054227374914,-0.37481378196742443,-1.6652346441850372,,,,,0.021597082923704665,,,,,,,,,,-0.029015895745415073,0.8563323576624507,,,,2026-10-01T02:59:59.999000Z,2026-10-01T03:59:59.999000Z
2026-10-01T02:59:59.999000Z,1790823599999,BNBUSDT,0.00131421433404455,0.0031528032197087885,-0.20679132621374752,-0.29556001295853096,-0.07791057653797301,1.3453211129388893,,,,,0.12419531021656485,,,,,,,,,,-0.029015895745415073,0.8563323576624507,,,,2026-10-01T02:59:59.999000Z,2026-10-01T03:59:59.999000Z
2026-10-01T02:59:59.999000Z,1790823599999,BTCUSDT,0.0031528032197087885,0.0031528032197087885,-0.0982352860730013,-0.3707599930284511,-0.029015895745415073,1.2288324203008172,,-6.766101223778728,-1.8587354814057364,0.6344405009850282,-0.9137693242867623,,,-0.7839732225120393,,-0.38360594044850627,,,,,-0.029015895745415073,0.8563323576624507,,,,2026-10-01T02:59:59.999000Z,2026-10-01T03:59:59.999000Z
2026-10-01T02:59:59.999000Z,1790823599999,DOGEUSDT,0.005564304461942227,0.0031528032197087885,0.7340803319673834,0.4304717898215097,1.0344249539697372,-0.5994328453742612,,,,,0.07002609319943774,,,,,,,,,,-0.029015895745415073,0.8563323576624507,,,,2026-10-01T02:59:59.999000Z,2026-10-01T03:59:59.999000Z
2026-10-01T02:59:59.999000Z,1790823599999,ETHUSDT,0.003368043408683352,0.0031528032197087885,-0.251361039234712,-0.07296053551800259,0.9804218586679981,1.988856658050731,,,,,-1.2412761292201069,,,,,,,,,,-0.029015895745415073,0.8563323576624507,,,,2026-10-01T02:59:59.999000Z,2026-10-01T03:59:59.999000Z
2026-10-01T02:59:59.999000Z,1790823599999,SOLUSDT,0.004230118443316444,0.0031528032197087885,0.09247497891555728,-0.006518750997882663,-1.1391960780167707,1.1873839161560114,,,,,-0.79421340459252,,,,,,,,,,-0.029015895745415073,0.8563323576624507,,,,2026-10-01T02:59:59.999000Z,2026-10-01T03:59:59.999000Z
2026-10-01T02:59:59.999000Z,1790823599999,XRPUSDT,0.005358338914936311,0.0031528032197087885,0.30450819409641794,0.13092755536695244,-0.4315581976779712,0.35698692150775296,,,,,3.043002840995345,,,,,,,,,,-0.029015895745415073,0.8563323576624507,,,,2026-10-01T02:59:59.999000Z,2026-10-01T03:59:59.999000Z
2026-10-01T03:59:59.999000Z,1790827199999,ADAUSDT,0.0063719633612107085,0.004250542750132258,0.7668158148348279,0.8505883758323508,1.7128116755987777,-0.7645444610023513,,,,,0.7869587223086049,,,,,,,,,,0.59674230900032,0.8649630645691024,,,,2026-10-01T03:59:59.999000Z,2026-10-01T04:59:59.999000Z
2026-10-01T03:59:59.999000Z,1790827199999,AVAXUSDT,8.991188635132374e-05,0.004250542750132258,0.35360616642605375,0.400695453357152,-0.09837109547028794,-0.03091564086985996,,,,,-0.379967736639188,,,,,,,,,,0.59674230900032,0.8649630645691024,,,,2026-10-01T03:59:59.999000Z,2026-10-01T04:59:59.999000Z
2026-10-01T03:59:59.999000Z,1790827199999,BNBUSDT,0.0001169545046977305,0.004250542750132258,0.2627938344711467,-0.11393663808208837,0.36755177203785305,0.9402554247143882,,,,,-0.017002373284445146,,,,,,,,,,0.59674230900032,0.8649630645691024,,,,2026-10-01T03:59:59.999000Z,2026-10-01T04:59:59.999000Z
2026-10-01T03:59:59.999000Z,1790827199999,BTCUSDT,0.004250542750132258,0.004250542750132258,0.7275841960628634,0.13709257265773764,0.59674230900032,0.3679171384697585,,0.0844383898345715,-1.2734137351872494,0.49819284295049104,0.7661694001626735,,,-0.7719086346796372,,-0.3794253606031311,,,,,0.59674230900032,0.8649630645691024,,,,2026-10-01T03:59:59.999000Z,2026-10-01T04:59:59.999000Z
2026-10-01T03:59:59.999000Z,1790827199999,DOGEUSDT,-0.00010440593025695666,0.004250542750132258,0.7489426940584483,0.7782611723243018,1.929808362314599,-0.3870052959604133,,,,,0.5290270348275575,,,,,,,,,,0.59674230900032,0.8649630645691024,,,,2026-10-01T03:59:59.999000Z,2026-10-01T04:59:59.999000Z
2026-10-01T03:59:59.999000Z,1790827199999,ETHUSDT,0.0042654678847360294,0.004250542750132258,0.6805008591316712,0.3178194946185428,1.5048584967643435,0.41172921897666986,,,,,0.5330230763112674,,,,,,,,,,0.59674230900032,0.8649630645691024,,,,2026-10-01T03:59:59.999000Z,2026-10-01T04:59:59.999000Z
2026-10-01T03:59:59.999000Z,1790827199999,SOLUSDT,0.0035383319292334736,0.004250542750132258,0.6000978725741991,0.3725368961658191,-0.3323592835029384,0.041568442694667466,,,,,-0.7492801076644474,,,,,,,,,,0.59674230900032,0.8649630645691024,,,,2026-10-01T03:59:59.999000Z,2026-10-01T04:59:59.999000Z
2026-10-01T03:59:59.999000Z,1790827199999,XRPUSDT,0.002398401065956124,0.004250542750132258,0.7207613531321992,0.4604899821973294,0.6076639164060647,-0.2378291563770068,,,,,1.3020407019824114,,,,,,,,,,0.59674230900032,0.8649630645691024,,,,2026-10-01T03:59:59.999000Z,2026-10-01T04:59:59.999000Z
2026-10-01T04:59:59.999000Z,1790830799999,ADAUSDT,0.003165809259992214,0.0021575315470774292,0.5910625530727958,1.2040417095514195,1.8537409394547566,-0.8130975558562941,,,,,1.0756351040715377,,,,,,,,,,1.3590718417607681,0.8985997047989575,,,,2026-10-01T04:59:59.999000Z,2026-10-01T05:59:59.999000Z
2026-10-01T04:59:59.999000Z,1790830799999,AVAXUSDT,0.0010788456351704667,0.0021575315470774292,-0.06147910874984513,0.6534032256019238,-0.09668048139284449,0.3773736624218537,,,,,1.1118119791146148,,,,,,,,,,1.3590718417607681,0.8985997047989575,,,,2026-10-01T04:59:59.999000Z,2026-10-01T05:59:59.999000Z
2026-10-01T04:59:59.999000Z,1790830799999,BNBUSDT,0.003053454951794432,0.0021575315470774292,-0.02945590322156887,-0.25527928164337416,0.14818688700064792,0.7107766337970765,,,,,0.1155121626751718,,,,,,,,,,1.3590718417607681,0.8985997047989575,,,,2026-10-01T04:59:59.999000Z,2026-10-01T05:59:59.999000Z
2026-10-01T04:59:59.999000Z,1790830799999,BTCUSDT,0.0021575315470774292,0.0021575315470774292,0.9740754641308429,0.8669900178374734,1.3590718417607681,-0.552086534560061,,0.04971012785594452,-2.1836211140337762,1.2256989682104202,1.3208338695938342,,,-0.7603875696033823,,-0.37537888793733015,,,,,1.3590718417607681,0.8985997047989575,,,,2026-10-01T04:59:59.999000Z,2026-10-01T05:59:59.999000Z
2026-10-01T04:59:59.999000Z,1790830799999,DOGEUSDT,0.0011485851519266177,0.0021575315470774292,-0.08398876708823391,0.7582829525263008,1.774484260159064,1.226604791881948,,,,,1.0032082273844887,,,,,,,,,,1.3590718417607681,0.8985997047989575,,,,2026-10-01T04:59:59.999000Z,2026-10-01T05:59:59.999000Z
2026-10-01T04:59:59.999000Z,1790830799999,ETHUSDT,0.003837389245707312,0.0021575315470774292,0.85561180490242,0.8022410125388545,1.9697671943444397,-0.7492207010598473,,,,,0.46389979376416773,,,,,,,,,,1.3590718417607681,0.8985997047989575,,,,2026-10-01T04:59:59.999000Z,2026-10-01T05:59:59.999000Z
2026-10-01T04:59:59.999000Z,1790830799999,SOLUSDT,0.002518468770987159,0.0021575315470774292,0.49310610147606365,0.7553699533164011,0.26633694094182636,-0.44736518846420614,,,,,0.16701165142686278,,,,,,,,,,1.3590718417607681,0.8985997047989575,,,,2026-10-01T04:59:59.999000Z,2026-10-01T05:59:59.999000Z
2026-10-01T04:59:59.999000Z,1790830799999,XRPUSDT,0.002658513890735126,0.0021575315470774292,0.30452712143313515,0.5818870500058655,0.818621623921529,0.019440087965935843,,,,,1.317408836877509,,,,,,,,,,1.3590718417607681,0.8985997047989575,,,,2026-10-01T04:59:59.999000Z,2026-10-01T05:59:59.999000Z
2026-10-01T05:59:59.999000Z,1790834399999,ADAUSDT,0.0,-0.002017167096840633,0.26125832429826124,1.1296506919470428,1.5229285533845256,-0.11553287928933446,,,,,-0.1787084784223705,,,,,,,,,,1.3055219567663106,0.8729483250069158,,,,2026-10-01T05:59:59.999000Z,2026-10-01T06:59:59.999000Z
2026-10-01T05:59:59.999000Z,1790834399999,AVAXUSDT,0.0003592276605297595,-0.002017167096840633,0.017535393522293302,0.6228758002086304,-0.08056405429655798,0.23049360329257626,,,,,0.22956887628940992,,,,,,,,,,1.3055219567663106,0.8729483250069158,,,,2026-10-01T05:59:59.999000Z,2026-10-01T06:59:59.999000Z
2026-10-01T05:59:59.999000Z,1790834399999,BNBUSDT,-0.0016451416505822714,-0.002017167096840633,0.6855237486240444,0.3387021824816213,0.20344978664678232,-0.2209631948312947,,,,,0.4120194105833022,,,,,,,,,,1.3055219567663106,0.8729483250069158,,,,2026-10-01T05:59:59.999000Z,2026-10-01T06:59:59.999000Z
2026-10-01T05:59:59.999000Z,1790834399999,BTCUSDT,-0.002017167096840633,-0.002017167096840633,0.46281086152285866,1.114762413876763,1.3055219567663106,0.042723264496487216,,0.07534165040334544,-0.2955302504868957,0.5746524220653241,1.1217145412127334,,,-0.749370281206068,,-0.37145948745152213,,,,,1.3055219567663106,0.8729483250069158,,,,2026-10-01T05:59:59.999000Z,2026-10-01T06:59:59.999000Z
2026-10-01T05:59:59.999000Z,1790834399999,DOGEUSDT,-0.0008343763037130802,-0.002017167096840633,0.10115941829310499,0.6930708809082741,1.272418131751024,0.5994873178966218,,,,,1.021895236295808,,,,,,,,,,1.3055219567663106,0.8729483250069158,,,,2026-10-01T05:59:59.999000Z,2026-10-01T06:59:59.999000Z
2026-10-01T05:59:59.999000Z,1790834399999,ETHUSDT,-0.0010117882529544486,-0.002017167096840633,0.7535626202777607,0.9925138604592666,2.017545353489139,-0.6305782111990563,,,,,0.5094709806087492,,,,,,,,,,1.3055219567663106,0.8729483250069158,,,,2026-10-01T05:59:59.999000Z,2026-10-01T06:59:59.999000Z
2026-10-01T05:59:59.999000Z,1790834399999,SOLUSDT,-0.0015072852118573898,-0.002017167096840633,0.3394270197313186,0.8708749484329317,0.2533040171751886,-0.10138102647663172,,,,,1.0552572075896882,,,,,,,,,,1.3055219567663106,0.8729483250069158,,,,2026-10-01T05:59:59.999000Z,2026-10-01T06:59:59.999000Z
2026-10-01T05:59:59.999000Z,1790834399999,XRPUSDT,-0.001922312077422661,-0.002017167096840633,0.3376021051203782,0.811401996073157,0.3959877001692897,-0.08647974165725218,,,,,0.9265245983857644,,,,,,,,,,1.3055219567663106,0.8729483250069158,,,,2026-10-01T05:59:59.999000Z,2026-10-01T06:59:59.999000Z
2026-10-01T06:59:59.999000Z,1790837999999,ADAUSDT,-0.01972386587771202,-0.008220495485990797,-0.06414119563254334,0.7532425510458503,2.0485129522884904,-0.19658683796873275,,,,,1.2659472822090703,,,,,,,,,,1.5309527886569214,0.7809621315218611,,,,2026-10-01T06:59:59.999000Z,2026-10-01T07:59:59.999000Z
2026-10-01T06:59:59.999000Z,1790837999999,AVAXUSDT,-0.01526169315019299,-0.008220495485990797,-0.04027130625318385,0.05878271168511317,0.2576681721156625,-0.12352894225974187,,,,,0.5887141655130306,,,,,,,,,,1.5309527886569214,0.7809621315218611,,,,2026-10-01T06:59:59.999000Z,2026-10-01T07:59:59.999000Z
2026-10-01T06:59:59.999000Z,1790837999999,BNBUSDT,-0.009056701699753478,-0.008220495485990797,-0.4744168062930923,0.20501567265675805,1.0621164645375205,0.13470303587417481,,,,,-0.6645480281111491,,,,,,,,,,1.5309527886569214,0.7809621315218611,,,,2026-10-01T06:59:59.999000Z,2026-10-01T07:59:59.999000Z
2026-10-01T06:59:59.999000Z,1790837999999,BTCUSDT,-0.008220495485990797,-0.008220495485990797,-0.5473932523030095,0.8735903218066638,1.5309527886569214,0.2428242342438837,,0.15426854581311283,-0.3847914941505287,0.6620815940509708,-0.1836089750353478,,,-0.7388209835324018,,-0.36766063111064634,,,,,1.5309527886569214,0.7809621315218611,,,,2026-10-01T06:59:59.999000Z,2026-10-01T07:59:59.999000Z
2026-10-01T06:59:59.999000Z,1790837999999,DOGEUSDT,-0.01565762004175364,-0.008220495485990797,-0.19435358278177256,0.23886631032132455,1.9138962575035154,-0.07803523105958851,,,,,0.24744058288668871,,,,,,,,,,1.5309527886569214,0.7809621315218611,,,,2026-10-01T06:59:59.999000Z,2026-10-01T07:59:59.999000Z
2026-10-01T06:59:59.999000Z,1790837999999,ETHUSDT,-0.013895794432106534,-0.008220495485990797,-0.27547263026585184,0.9837571782327498,2.2296388151959445,-0.07470588469464327,,,,,-0.03618760712469763,,,,,,,,,,1.5309527886569214,0.7809621315218611,,,,2026-10-01T06:59:59.999000Z,2026-10-01T07:59:59.999000Z
2026-10-01T06:59:59.999000Z,1790837999999,SOLUSDT,-0.014676283126467626,-0.008220495485990797,-0.25568426094178415,0.6695617834050691,0.8666485514727065,0.10151887075210034,,,,,0.43237948922327596,,,,,,,,,,1.5309527886569214,0.7809621315218611,,,,2026-10-01T06:59:59.999000Z,2026-10-01T07:59:59.999000Z
2026-10-01T06:59:59.999000Z,1790837999999,XRPUSDT,-0.012419472670518683,-0.008220495485990797,-0.30980185041968356,0.5086362057306243,0.893346048323385,0.18044967404718104,,,,,0.23750869501675226,,,,,,,,,,1.5309527886569214,0.7809621315218611,,,,2026-10-01T06:59:59.999000Z,2026-10-01T07:59:59.999000Z
2026-10-01T07:59:59.999000Z,1790841599999,ADAUSDT,-0.007243460764587484,0.0016425759916136595,-2.0138276947350144,-0.7036861954063262,0.5983543456194332,1.4365025228417512,,,,,0.5127628741418001,,,,,,,,,,-0.15428587571947558,1.0522864175447897,,,,2026-10-01T07:59:59.999000Z,2026-10-01T08:59:59.999000Z
2026-10-01T07:59:59.999000Z,1790841599999,AVAXUSDT,0.014313064089707339,0.0016425759916136595,-1.2830426703470752,-0.5967629998772662,-0.08010583559929504,0.2674444513586115,,,,,0.47677274635114547,,,,,,,,,,-0.15428587571947558,1.0522864175447897,,,,2026-10-01T07:59:59.999000Z,2026-10-01T08:59:59.999000Z
2026-10-01T07:59:59.999000Z,1790841599999,BNBUSDT,0.0034305766511286695,0.0016425759916136595,-2.1978319971615523,-1.1323622526365584,-0.37991266603392587,-1.4002190608846188,,,,,-0.024309660016196676,,,,,,,,,,-0.15428587571947558,1.0522864175447897,,,,2026-10-01T07:59:59.999000Z,2026-10-01T08:59:59.999000Z
2026-10-01T07:59:59.999000Z,1790841599999,BTCUSDT,0.0016425759916136595,0.0016425759916136595,-1.9731753569253976,-0.6319820307538795,-0.15428587571947558,-1.6864614149267076,,0.21377979396604505,-1.135484883659573,0.8128010810115603,-0.4013412317381667,,,-0.7287073570566217,,-0.36397625174931747,,,,,-0.15428587571947558,1.0522864175447897,,,,2026-10-01T07:59:59.999000Z,2026-10-01T08:59:59.999000Z
2026-10-01T07:59:59.999000Z,1790841599999,DOGEUSDT,0.001802757158006374,0.0016425759916136595,-2.2930042223420117,-1.2742692271476663,-0.07685027930703354,0.9194534702453837,,,,,-1.6520582103950223,,,,,,,,,,-0.15428587571947558,1.0522864175447897,,,,2026-10-01T07:59:59.999000Z,2026-10-01T08:59:59.999000Z
2026-10-01T07:59:59.999000Z,1790841599999,ETHUSDT,0.003626544362609563,0.0016425759916136595,-2.784693167601026,-0.8608105271761115,0.12536839702970914,0.06953672933411975,,,,,-1.5132935565326162,,,,,,,,,,-0.15428587571947558,1.0522864175447897,,,,2026-10-01T07:59:59.999000Z,2026-10-01T08:59:59.999000Z
2026-10-01T07:59:59.999000Z,1790841599999,SOLUSDT,0.003574772321048636,0.0016425759916136595,-2.113106955168077,-0.9702839471733551,-0.8158737617002491,0.35551355024268094,,,,,-1.2466016705230407,,,,,,,,,,-0.15428587571947558,1.0522864175447897,,,,2026-10-01T07:59:59.999000Z,2026-10-01T08:59:59.999000Z
2026-10-01T07:59:59.999000Z,1790841599999,XRPUSDT,0.0005379959650302357,0.0016425759916136595,-1.7448187322760524,-0.7339280293442938,-0.8749193502395272,-0.34094790397580294,,,,,-0.470090315757044,,,,,,,,,,-0.15428587571947558,1.0522864175447897,,,,2026-10-01T07:59:59.999000Z,2026-10-01T08:59:59.999000Z
2026-10-01T08:59:59.999000Z,1790845199999,ADAUSDT,-0.0004053506282933883,0.002573265489941745,-0.7448312640980578,-1.369319150351326,0.15880245528188092,2.197871079318571,,,,,-1.1078236756135869,,,,,,,,,,0.5186264791052367,0.9873484394094653,,,,2026-10-01T08:59:59.999000Z,2026-10-01T09:59:59.999000Z
2026-10-01T08:59:59.999000Z,1790845199999,AVAXUSDT,-0.006920726226856022,0.002573265489941745,1.0932239174870826,-0.14141446212467937,0.2391323504241155,-1.401944852188883,,,,,-1.696803680178828,,,,,,,,,,0.5186264791052367,0.9873484394094653,,,,2026-10-01T08:59:59.999000Z,2026-10-01T09:59:59.999000Z
2026-10-01T08:59:59.999000Z,1790845199999,BNBUSDT,0.0035884855286165696,0.002573265489941745,0.7928070185629404,-0.6923430649405982,-0.014772600757277926,-0.23147581561065275,,,,,0.11034004114814157,,,,,,,,,,0.5186264791052367,0.9873484394094653,,,,2026-10-01T08:59:59.999000Z,2026-10-01T09:59:59.999000Z
2026-10-01T08:59:59.999000Z,1790845199999,BTCUSDT,0.002573265489941745,0.002573265489941745,0.3727687366306868,-0.9590621875072538,0.5186264791052367,0.30472550683292166,,0.04478903064631726,-1.0771635899793888,-0.13624846166121637,1.4017917443552979,,,-0.719000128217985,,-0.3604007020044846,,,,,0.5186264791052367,0.9873484394094653,,,,2026-10-01T08:59:59.999000Z,2026-10-01T09:59:59.999000Z
2026-10-01T08:59:59.999000Z,1790845199999,DOGEUSDT,-0.0005292685508626604,0.002573265489941745,0.2364090546303259,-1.113950497724338,0.21508639796456666,0.41008892386449597,,,,,-0.5572964149083471,,,,,,,,,,0.5186264791052367,0.9873484394094653,,,,2026-10-01T08:59:59.999000Z,2026-10-01T09:59:59.999000Z
2026-10-01T08:59:59.999000Z,1790845199999,ETHUSDT,0.0014848224353321005,0.002573265489941745,0.7134741984168673,-0.9123759270306578,0.6776701775258429,-0.4373580202770134,,,,,1.520548022032318,,,,,,,,,,0.5186264791052367,0.9873484394094653,,,,2026-10-01T08:59:59.999000Z,2026-10-01T09:59:59.999000Z
2026-10-01T08:59:59.999000Z,1790845199999,SOLUSDT,-0.0017810194215927,0.002573265489941745,0.5214527451958452,-0.9496477653106676,-0.26094168203155294,-0.4374308462617969,,,,,0.19385396170452193,,,,,,,,,,0.5186264791052367,0.9873484394094653,,,,2026-10-01T08:59:59.999000Z,2026-10-01T09:59:59.999000Z
2026-10-01T08:59:59.999000Z,1790845199999,XRPUSDT,0.001478693372765072,0.002573265489941745,0.07341933852409109,-0.849651790251365,-0.5955968353098662,0.524608533468124,,,,,0.8193118942718988,,,,,,,,,,0.5186264791052367,0.9873484394094653,,,,2026-10-01T08:59:59.999000Z,2026-10-01T09:59:59.999000Z
2026-10-01T09:59:59.999000Z,1790848799999,ADAUSDT,0.0048661800486617945,0.002199398176291112,-0.052065861033553255,-1.5027005845345691,-0.4017704435059766,0.06078883346525302,,,,,-0.885934416872981,,,,,,,,,,-0.1261601125214374,0.784588604144044,,,,2026-10-01T09:59:59.999000Z,2026-10-01T10:59:59.999000Z
2026-10-01T09:59:59.999000Z,1790848799999,AVAXUSDT,-0.0032582134129784945,0.002199398176291112,-0.6177199588066327,-0.3983209953813791,-0.0509049631495122,0.9398772944006211,,,,,-0.6972641728755093,,,,,,,,,,-0.1261601125214374,0.784588604144044,,,,2026-10-01T09:59:59.999000Z,2026-10-01T10:59:59.999000Z
2026-10-01T09:59:59.999000Z,1790848799999,BNBUSDT,0.0016382998088650957,0.002199398176291112,0.8186779846671361,-0.6145803351113927,-0.35687678481181745,-1.108347645474529,,,,,-0.5798368154558243,,,,,,,,,,-0.1261601125214374,0.784588604144044,,,,2026-10-01T09:59:59.999000Z,2026-10-01T10:59:59.999000Z
2026-10-01T09:59:59.999000Z,1790848799999,BTCUSDT,0.002199398176291112,0.002199398176291112,0.5892211077593162,-0.8889907883109611,-0.1261601125214374,-0.8356221289287434,,0.05781383057568352,-0.6789200982476041,-0.35629371249820485,0.36473980706321946,,,-0.7096727096820065,,-0.3569287176394603,,,,,-0.1261601125214374,0.784588604144044,,,,2026-10-01T09:59:59.999000Z,2026-10-01T10:59:59.999000Z
2026-10-01T09:59:59.999000Z,1790848799999,DOGEUSDT,0.004024571065452065,0.002199398176291112,-0.10374307640562408,-1.204882414266867,-0.40419359118685816,0.20990633903337536,,,,,0.9559739918010429,,,,,,,,,,-0.1261601125214374,0.784588604144044,,,,2026-10-01T09:59:59.999000Z,2026-10-01T10:59:59.999000Z
2026-10-01T09:59:59.999000Z,1790848799999,ETHUSDT,0.003990814438276313,0.002199398176291112,0.28015258094718526,-1.1370838317992409,0.09900406772815433,-0.7003414939834316,,,,,0.6036309659838254,,,,,,,,,,-0.1261601125214374,0.784588604144044,,,,2026-10-01T09:59:59.999000Z,2026-10-01T10:59:59.999000Z
2026-10-01T09:59:59.999000Z,1790848799999,SOLUSDT,0.0026338147833475656,0.002199398176291112,-0.25619163319906185,-1.2877052972765302,-1.2906896296809989,0.631413594550347,,,,,-0.3521099248674161,,,,,,,,,,-0.1261601125214374,0.784588604144044,,,,2026-10-01T09:59:59.999000Z,2026-10-01T10:59:59.999000Z
2026-10-01T09:59:59.999000Z,1790848799999,XRPUSDT,0.0022818791946308536,0.002199398176291112,0.2048129300853959,-0.9160393526807569,-1.2757752482517641,-0.43883735127534396,,,,,0.6006646671677333,,,,,,,,,,-0.1261601125214374,0.784588604144044,,,,2026-10-01T09:59:59.999000Z,2026-10-01T10:59:59.999000Z
2026-10-01T10:59:59.999000Z,1790852399999,ADAUSDT,0.004439063761097817,-0.0007207655263518076,0.481319625367577,-1.2297256093109104,-0.3326163816268789,-0.5851274587877282,,,,,0.33911048373375163,,,,,,,,,,-0.3081948217397148,0.7355635773435583,,,,2026-10-01T10:59:59.999000Z,2026-10-01T11:59:59.999000Z
2026-10-01T10:59:59.999000Z,1790852399999,AVAXUSDT,0.002179242713157281,-0.0007207655263518076,-0.3166567556213458,-0.5106243308508983,-0.14670453979238593,0.7629120633855931,,,,,-1.4829198209459222,,,,,,,,,,-0.3081948217397148,0.7355635773435583,,,,2026-10-01T10:59:59.999000Z,2026-10-01T11:59:59.999000Z
2026-10-01T10:59:59.999000Z,1790852399999,BNBUSDT,0.00010384889985060042,-0.0007207655263518076,0.34355495379212464,-0.17952238041340174,-1.0816253739693318,0.20881498952110664,,,,,-1.032005432269041,,,,,,,,,,-0.3081948217397148,0.7355635773435583,,,,2026-10-01T10:59:59.999000Z,2026-10-01T11:59:59.999000Z
2026-10-01T10:59:59.999000Z,1790852399999,BTCUSDT,-0.0007207655263518076,-0.0007207655263518076,0.4936004270019464,-0.32438748817627255,-0.3081948217397148,0.017539362474964324,,0.19580300996391373,0.6523698918492498,0.9088411206773088,0.02042311444336217,,,-0.7007008912258683,,-0.35355538471436987,,,,,-0.3081948217397148,0.7355635773435583,,,,2026-10-01T10:59:59.999000Z,2026-10-01T11:59:59.999000Z
2026-10-01T10:59:59.999000Z,1790852399999,DOGEUSDT,0.001793248945147763,-0.0007207655263518076,0.5618127431195626,-0.8472055825063493,-1.0569127609793763,-0.7704363238327501,,,,,1.0616843574510466,,,,,,,,,,-0.3081948217397148,0.7355635773435583,,,,2026-10-01T10:59:59.999000Z,2026-10-01T11:59:59.999000Z
2026-10-01T10:59:59.999000Z,1790852399999,ETHUSDT,0.0017172973293064775,-0.0007207655263518076,0.7773436106076813,-0.5989099465474633,0.2572510155392629,-0.7526949008447071,,,,,0.1372147817373881,,,,,,,,,,-0.3081948217397148,0.7355635773435583,,,,2026-10-01T10:59:59.999000Z,2026-10-01T11:59:59.999000Z
2026-10-01T10:59:59.999000Z,1790852399999,SOLUSDT,-0.0004236929073808682,-0.0007207655263518076,0.3883708831069689,-0.9169943442468327,-1.4051435482221402,-0.22781523465258197,,,,,-1.1354004024350999,,,,,,,,,,-0.3081948217397148,0.7355635773435583,,,,2026-10-01T10:59:59.999000Z,2026-10-01T11:59:59.999000Z
2026-10-01T10:59:59.999000Z,1790852399999,XRPUSDT,-0.00033480648185357786,-0.0007207655263518076,0.31657710889937,-0.6133470815765033,-1.1639222015414192,-0.02971738519875407,,,,,-0.030688408455392627,,,,,,,,,,-0.3081948217397148,0.7355635773435583,,,,2026-10-01T10:59:59.999000Z,2026-10-01T11:59:59.999000Z
2026-10-01T11:59:59.999000Z,1790855999999,ADAUSDT,-0.005222981116914549,-0.002022983880963447,0.4330183261126701,0.004690386260956983,-0.11757038091841171,-0.7500394439176707,,,,,0.8876218176267568,,,,,,,,,,-0.40837644103826837,0.722604465060601,,,,2026-10-01T11:59:59.999000Z,2026-10-01T12:59:59.999000Z
2026-10-01T11:59:59.999000Z,1790855999999,AVAXUSDT,-0.005979885838543142,-0.002022983880963447,0.12828431237086418,0.0695326907987954,-0.015103637413098286,-0.08834589788781763,,,,,-1.139368717852956,,,,,,,,,,-0.40837644103826837,0.722604465060601,,,,2026-10-01T11:59:59.999000Z,2026-10-01T12:59:59.999000Z
2026-10-01T11:59:59.999000Z,1790855999999,BNBUSDT,-0.0026868112612435935,-0.002022983880963447,-0.03032525951845949,1.0340561139457913,-0.9397949833807531,0.3082542513312098,,,,,-0.8580573518637834,,,,,,,,,,-0.40837644103826837,0.722604465060601,,,,2026-10-01T11:59:59.999000Z,2026-10-01T12:59:59.999000Z
2026-10-01T11:59:59.999000Z,1790855999999,BTCUSDT,-0.002022983880963447,-0.002022983880963447,-0.21453000111483062,0.6839092499826054,-0.40837644103826837,0.5519593731868977,,0.1414770306299365,1.807020503064538,-1.1724405418133903,-1.612971546794931,,,-0.6920625730365947,,-0.35027611013470644,,,,,-0.40837644103826837,0.722604465060601,,,,2026-10-01T11:59:59.999000Z,2026-10-01T12:59:59.999000Z
2026-10-01T11:59:59.999000Z,1790855999999,DOGEUSDT,-0.004633042013267308,-0.002022983880963447,0.22852938071173015,0.41246415987309826,-1.2405703658226515,-0.3012058402631293,,,,,-0.5875473931169877,,,,,,,,,,-0.40837644103826837,0.722604465060601,,,,2026-10-01T11:59:59.999000Z,2026-10-01T12:59:59.999000Z
2026-10-01T11:59:59.999000Z,1790855999999,ETHUSDT,-0.0051024178292740086,-0.002022983880963447,0.3118768687912286,1.0761327056389551,0.3575284555558887,-0.28558400207369694,,,,,0.45926630787601097,,,,,,,,,,-0.40837644103826837,0.722604465060601,,,,2026-10-01T11:59:59.999000Z,2026-10-01T12:59:59.999000Z
2026-10-01T11:59:59.999000Z,1790855999999,SOLUSDT,-0.0050864699898269805,-0.002022983880963447,-0.06353954077941029,0.324737223655968,-1.1115407320125763,0.5503425226123583,,,,,-0.13901446020826178,,,,,,,,,,-0.40837644103826837,0.722604465060601,,,,2026-10-01T11:59:59.999000Z,2026-10-01T12:59:59.999000Z
2026-10-01T11:59:59.999000Z,1790855999999,XRPUSDT,-0.0036171210395873343,-0.002022983880963447,-0.05979675029420726,0.24968124988634782,-1.35422077881136,0.3414103600783816,,,,,-0.34364264477592416,,,,,,,,,,-0.40837644103826837,0.722604465060601,,,,2026-10-01T11:59:59.999000Z,2026-10-01T12:59:59.999000Z
2026-10-01T12:59:59.999000Z,1790859599999,ADAUSDT,0.00040387722132484427,0.002432047761524725,-0.5615623047999012,0.10912736770762925,-1.4334612748347524,0.2157602686847636,,,,,0.20866276202169595,,,,,,,,,,-2.8248773422613964,-0.8340227096411057,,,,2026-10-01T12:59:59.999000Z,2026-10-01T13:59:59.999000Z
2026-10-01T12:59:59.999000Z,1790859599999,AVAXUSDT,0.0009114939385652665,0.002432047761524725,-0.5409011686662007,-0.5970837834929626,-0.5081787167288802,0.2678838030315825,,,,,1.0842890478776543,,,,,,,,,,-2.8248773422613964,-0.8340227096411057,,,,2026-10-01T12:59:59.999000Z,2026-10-01T13:59:59.999000Z
2026-10-01T12:59:59.999000Z,1790859599999,BNBUSDT,0.002602946535478212,0.002432047761524725,-0.707722540573804,0.2119660285174289,-2.1603944858372652,-0.4943910040350233,,,,,-1.2080486989908787,,,,,,,,,,-2.8248773422613964,-0.8340227096411057,,,,2026-10-01T12:59:59.999000Z,2026-10-01T13:59:59.999000Z
2026-10-01T12:59:59.999000Z,1790859599999,BTCUSDT,0.002432047761524725,0.002432047761524725,-0.5281310095406974,0.1837686479355217,-2.8248773422613964,-0.7324854638000869,,0.17565167346837005,2.0232468220713695,-0.01925070604813388,-1.4175664666397287,,,-0.6837375347097966,,-0.34708659517432083,,,,,-2.8248773422613964,-0.8340227096411057,,,,2026-10-01T12:59:59.999000Z,2026-10-01T13:59:59.999000Z
2026-10-01T12:59:59.999000Z,1790859599999,DOGEUSDT,0.0019041574103459968,0.002432047761524725,-0.7240489792679645,-0.056743297076028,-2.5927724524689824,0.17192365997811795,,,,,-0.1752218072518345,,,,,,,,,,-2.8248773422613964,-0.8340227096411057,,,,2026-10-01T12:59:59.999000Z,2026-10-01T13:59:59.999000Z
2026-10-01T12:59:59.999000Z,1790859599999,ETHUSDT,0.001827128400334166,0.002432047761524725,-1.0670160822168406,0.1299144637515781,-1.6001047168986635,0.33736696145716816,,,,,-0.6897151022039532,,,,,,,,,,-2.8248773422613964,-0.8340227096411057,,,,2026-10-01T12:59:59.999000Z,2026-10-01T13:59:59.999000Z
2026-10-01T12:59:59.999000Z,1790859599999,SOLUSDT,0.0051976823449215726,0.002432047761524725,-0.7496318753941954,-0.4305031569050873,-2.9270500410002174,0.23963285585710026,,,,,-1.818192527296311,,,,,,,,,,-2.8248773422613964,-0.8340227096411057,,,,2026-10-01T12:59:59.999000Z,2026-10-01T13:59:59.999000Z
2026-10-01T12:59:59.999000Z,1790859599999,XRPUSDT,0.001680672268907557,0.002432047761524725,-0.5309517925945187,-0.04974175692709617,-2.584832517518904,-0.21859336366479273,,,,,-1.6123015063078248,,,,,,,,,,-2.8248773422613964,-0.8340227096411057,,,,2026-10-01T12:59:59.999000Z,2026-10-01T13:59:59.999000Z
2026-10-01T13:59:59.999000Z,1790863199999,ADAUSDT,-0.010900282599919264,0.0013221400560663454,0.024464568372693434,0.15019515234778502,-0.9563300280324507,0.39172045820742585,,,,,0.34798030211810493,,,,,,,,,,-1.370601348672229,-1.0897682716074797,,,,2026-10-01T13:59:59.999000Z,2026-10-01T14:59:59.999000Z
2026-10-01T13:59:59.999000Z,1790863199999,AVAXUSDT,-0.0034605227210636746,0.0013221400560663454,0.032440185513959045,-0.33210090871998754,-0.04535038383866594,0.20386955716346142,,,,,0.27622865445855443,,,,,,,,,,-1.370601348672229,-1.0897682716074797,,,,2026-10-01T13:59:59.999000Z,2026-10-01T14:59:59.999000Z
2026-10-01T13:59:59.999000Z,1790863199999,BNBUSDT,-0.004439482839192044,0.0013221400560663454,0.5921804695893648,0.07884691131180822,-1.0214155401650573,-0.141335715751534,,,,,-0.4193912431968495,,,,,,,,,,-1.370601348672229,-1.0897682716074797,,,,2026-10-01T13:59:59.999000Z,2026-10-01T14:59:59.999000Z
2026-10-01T13:59:59.999000Z,1790863199999,BTCUSDT,0.0013221400560663454,0.0013221400560663454,0.5646861734998362,0.16304765535962087,-1.370601348672229,-0.10879307781619336,,0.19834225515543866,1.344979592406942,0.22125286388410714,0.24823667875420355,,,-0.6757072344347471,,-0.3439828116238711,,,,,-1.370601348672229,-1.0897682716074797,,,,2026-10-01T13:59:59.999000Z,2026-10-01T14:59:59.999000Z
2026-10-01T13:59:59.999000Z,1790863199999,DOGEUSDT,-0.005701615457712972,0.0013221400560663454,0.2561534866793797,0.12067083469363107,-1.5515958729043078,0.11417236857859397,,,,,0.3985050151621546,,,,,,,,,,-1.370601348672229,-1.0897682716074797,,,,2026-10-01T13:59:59.999000Z,2026-10-01T14:59:59.999000Z
2026-10-01T13:59:59.999000Z,1790863199999,ETHUSDT,-0.002783883870154713,0.0013221400560663454,0.348819639958157,0.16559737352288287,-0.49896324773792766,0.10926768568132315,,,,,-0.202066367622237,,,,,,,,,,-1.370601348672229,-1.0897682716074797,,,,2026-10-01T13:59:59.999000Z,2026-10-01T14:59:59.999000Z
2026-10-01T13:59:59.999000Z,1790863199999,SOLUSDT,-0.005001271509705862,0.0013221400560663454,0.7806455398992688,0.18247856578004884,-1.8223472702747188,-1.3856266093797822,,,,,0.17092610345642828,,,,,,,,,,-1.370601348672229,-1.0897682716074797,,,,2026-10-01T13:59:59.999000Z,2026-10-01T14:59:59.999000Z
2026-10-01T13:59:59.999000Z,1790863199999,XRPUSDT,-0.004966442953020178,0.0013221400560663454,0.24135621460769696,-0.03480999841638453,-1.508748740717756,0.08100692204336918,,,,,-0.08879638508660488,,,,,,,,,,-1.370601348672229,-1.0897682716074797,,,,2026-10-01T13:59:59.999000Z,2026-10-01T14:59:59.999000Z
2026-10-01T14:59:59.999000Z,1790866799999,ADAUSDT,0.00612244897959191,0.0013325298495610038,-1.1413218757223922,-0.6707722978339489,-0.11226657707805861,1.4336441381229266,,,,,0.1080345638975256,,,,,,,,,,0.18228056071445645,-1.7322237708315105,,,,2026-10-01T14:59:59.999000Z,2026-10-01T15:59:59.999000Z
2026-10-01T14:59:59.999000Z,1790866799999,AVAXUSDT,-0.003472539522982765,0.0013325298495610038,-0.33156550063190454,-0.3357780920724723,0.34370509254596415,-0.08989316370780143,,,,,0.4409621671053106,,,,,,,,,,0.18228056071445645,-1.7322237708315105,,,,2026-10-01T14:59:59.999000Z,2026-10-01T15:59:59.999000Z
2026-10-01T14:59:59.999000Z,1790866799999,BNBUSDT,-0.001056145200406866,0.0013325298495610038,-1.1350916069479609,-0.7361414974556741,-0.7657805136016491,-0.005271851962843788,,,,,-1.374728289845812,,,,,,,,,,0.18228056071445645,-1.7322237708315105,,,,2026-10-01T14:59:59.999000Z,2026-10-01T15:59:59.999000Z
2026-10-01T14:59:59.999000Z,1790866799999,BTCUSDT,0.0013325298495610038,0.0013325298495610038,0.28682916245159457,0.04184056155683778,0.18228056071445645,-1.8063337910669912,,0.123531872693433,0.6292402637003366,1.1515432300406694,0.7650967737129909,,,-0.6679546338107794,,-0.3409609802622053,,,,,0.18228056071445645,-1.7322237708315105,,,,2026-10-01T14:59:59.999000Z,2026-10-01T15:59:59.999000Z
2026-10-01T14:59:59.999000Z,1790866799999,DOGEUSDT,0.0015928639694169355,0.0013325298495610038,-0.8829510515347362,-0.5905553941434476,-0.785827826086425,0.5702118403939423,,,,,-1.0894169037447416,,,,,,,,,,0.18228056071445645,-1.7322237708315105,,,,2026-10-01T14:59:59.999000Z,2026-10-01T15:59:59.999000Z
2026-10-01T14:59:59.999000Z,1790866799999,ETHUSDT,-0.0027767865108394574,0.0013325298495610038,-0.5958500837480613,-0.5678796458111058,0.5441690145177344,-0.7695498933568342,,,,,0.5593085557277849,,,,,,,,,,0.18228056071445645,-1.7322237708315105,,,,2026-10-01T14:59:59.999000Z,2026-10-01T15:59:59.999000Z
2026-10-01T14:59:59.999000Z,1790866799999,SOLUSDT,0.0,0.0013325298495610038,-0.7428209587652685,-0.4922300505696456,-0.7417671188601871,0.1393999186786606,,,,,-0.38010726756910573,,,,,,,,,,0.18228056071445645,-1.7322237708315105,,,,2026-10-01T14:59:59.999000Z,2026-10-01T15:59:59.999000Z
2026-10-01T14:59:59.999000Z,1790866799999,XRPUSDT,0.003035208417644819,0.0013325298495610038,-0.7288674298223005,-0.5580240084546109,-0.6110903201513652,0.08996135138961361,,,,,-0.8410243254874268,,,,,,,,,,0.18228056071445645,-1.7322237708315105,,,,2026-10-01T14:59:59.999000Z,2026-10-01T15:59:59.999000Z
2026-10-01T15:59:59.999000Z,1790870399999,ADAUSDT,-0.006085192697768749,0.0004676658826687774,0.6351456165488276,-0.5767081026593237,-0.26101509923049127,-1.2582053203542711,,,,,0.7541044222099832,,,,,,,,,,-0.1875586680174803,-1.7534003523018522,,,,2026-10-01T15:59:59.999000Z,2026-10-01T16:59:59.999000Z
2026-10-01T15:59:59.999000Z,1790870399999,AVAXUSDT,-0.01164603392939012,0.0004676658826687774,-0.32968039557663925,-0.5218133546968973,0.10581417582652601,0.5801775863144631,,,,,-0.7017906379860788,,,,,,,,,,-0.1875586680174803,-1.7534003523018522,,,,2026-10-01T15:59:59.999000Z,2026-10-01T16:59:59.999000Z
2026-10-01T15:59:59.999000Z,1790870399999,BNBUSDT,0.0009136830564004939,0.0004676658826687774,-0.2945289541510975,-0.8801668927948125,-1.3436754566558553,0.5319119529282594,,,,,-0.024643292885527548,,,,,,,,,,-0.1875586680174803,-1.7534003523018522,,,,2026-10-01T15:59:59.999000Z,2026-10-01T16:59:59.999000Z
2026-10-01T15:59:59.999000Z,1790870399999,BTCUSDT,0.0004676658826687774,0.0004676658826687774,0.28696365502624815,0.3247661027808544,-0.1875586680174803,-0.20838903057765107,,0.05336327345822059,-0.10787589036060465,0.3414106226204638,1.759615342013903,,,-0.6604640445140595,,-0.3380175513877064,,,,,-0.1875586680174803,-1.7534003523018522,,,,2026-10-01T15:59:59.999000Z,2026-10-01T16:59:59.999000Z
2026-10-01T15:59:59.999000Z,1790870399999,DOGEUSDT,-0.0056191687871077756,0.0004676658826687774,0.22199400324105056,-0.5984856551296126,-1.1175300152712642,-0.4563966590708575,,,,,0.4608406832580953,,,,,,,,,,-0.1875586680174803,-1.7534003523018522,,,,2026-10-01T15:59:59.999000Z,2026-10-01T16:59:59.999000Z
2026-10-01T15:59:59.999000Z,1790870399999,ETHUSDT,-0.0009020796290291067,0.0004676658826687774,-0.5880452574045102,-1.040794332860225,-0.02681968919634842,1.4580160312299895,,,,,-0.9222243791972142,,,,,,,,,,-0.1875586680174803,-1.7534003523018522,,,,2026-10-01T15:59:59.999000Z,2026-10-01T16:59:59.999000Z
2026-10-01T15:59:59.999000Z,1790870399999,SOLUSDT,-0.0020446413358322646,0.0004676658826687774,0.01152169567764241,-0.44989987260729186,-1.0480812800799104,0.17542938336463387,,,,,-1.0760562553878816,,,,,,,,,,-0.1875586680174803,-1.7534003523018522,,,,2026-10-01T15:59:59.999000Z,2026-10-01T16:59:59.999000Z
2026-10-01T15:59:59.999000Z,1790870399999,XRPUSDT,-0.0038329634859795014,0.0004676658826687774,0.4502484871196938,-0.30871666716119545,-0.8017617685286988,-0.6984099477394915,,,,,1.1427107070920566,,,,,,,,,,-0.1875586680174803,-1.7534003523018522,,,,2026-10-01T15:59:59.999000Z,2026-10-01T16:59:59.999000Z
2026-10-01T16:59:59.999000Z,1790873999999,ADAUSDT,0.022448979591836782,0.008384597944870897,-0.6429504697961494,-0.615329374858516,-1.07908834190042,0.553202142236719,,,,,0.4815292212362488,,,,,,,,,,-0.4761048833531961,-1.71843411095377,,,,2026-10-01T16:59:59.999000Z,2026-10-01T17:59:59.999000Z
2026-10-01T16:59:59.999000Z,1790873999999,AVAXUSDT,0.015587307478196255,0.008384597944870897,-1.0095040351189337,-0.7067824058431628,-0.3241150512498224,1.0918466018566262,,,,,-1.0547649531548238,,,,,,,,,,-0.4761048833531961,-1.71843411095377,,,,2026-10-01T16:59:59.999000Z,2026-10-01T17:59:59.999000Z
2026-10-01T16:59:59.999000Z,1790873999999,BNBUSDT,0.007733135114692979,0.008384597944870897,0.19543334674875423,-0.38655138102816156,-1.2841830969353871,-1.40579890110171,,,,,-0.49952082137455067,,,,,,,,,,-0.4761048833531961,-1.71843411095377,,,,2026-10-01T16:59:59.999000Z,2026-10-01T17:59:59.999000Z
2026-10-01T16:59:59.999000Z,1790873999999,BTCUSDT,0.008384597944870897,0.008384597944870897,0.0686139532265074,0.667418872637268,-0.4761048833531961,-1.2366978225555134,,0.04174165658968457,-0.004948225596169413,-0.6238481744413811,0.9504066988424099,,,-0.6532209936661078,,-0.33514918718041603,,,,,-0.4761048833531961,-1.71843411095377,,,,2026-10-01T16:59:59.999000Z,2026-10-01T17:59:59.999000Z
2026-10-01T16:59:59.999000Z,1790873999999,DOGEUSDT,0.012261435121015074,0.008384597944870897,-0.8686421986633441,-0.6640703928210533,-1.385171881885076,0.9503600108748844,,,,,0.8815956241172546,,,,,,,,,,-0.4761048833531961,-1.71843411095377,,,,2026-10-01T16:59:59.999000Z,2026-10-01T17:59:59.999000Z
2026-10-01T16:59:59.999000Z,1790873999999,ETHUSDT,0.007752950262473579,0.008384597944870897,-0.19560065721214812,-0.5744522823333783,-0.6581894024687626,-1.196705531057535,,,,,-1.1991795252506579,,,,,,,,,,-0.4761048833531961,-1.71843411095377,,,,2026-10-01T16:59:59.999000Z,2026-10-01T17:59:59.999000Z
2026-10-01T16:59:59.999000Z,1790873999999,SOLUSDT,0.010414888168004177,0.008384597944870897,-0.29690435083741407,-0.17377209563518922,-1.782911117807537,-0.7431310963337141,,,,,-0.005039951392289303,,,,,,,,,,-0.4761048833531961,-1.71843411095377,,,,2026-10-01T16:59:59.999000Z,2026-10-01T17:59:59.999000Z
2026-10-01T16:59:59.999000Z,1790873999999,XRPUSDT,0.012690697988389399,0.008384597944870897,-0.5662454766207922,-0.32182178368599346,-1.4705420215544396,0.03659534266788235,,,,,-0.49499716564320906,,,,,,,,,,-0.4761048833531961,-1.71843411095377,,,,2026-10-01T16:59:59.999000Z,2026-10-01T17:59:59.999000Z
2026-10-01T17:59:59.999000Z,1790877599999,ADAUSDT,-0.007185628742514938,-0.0012482921222625176,2.2596833459756462,0.5443587064930885,0.8059198723963564,-2.246207644356321,,,,,0.10629854593673095,,,,,,,,,,1.2308152201487033,-1.2665181741352476,,,,2026-10-01T17:59:59.999000Z,2026-10-01T18:59:59.999000Z
2026-10-01T17:59:59.999000Z,1790877599999,AVAXUSDT,0.005207381691942237,-0.0012482921222625176,1.282292947665741,-0.20739413875161722,0.10981352290445712,-0.4319373338545751,,,,,-1.3577452704434803,,,,,,,,,,1.2308152201487033,-1.2665181741352476,,,,2026-10-01T17:59:59.999000Z,2026-10-01T18:59:59.999000Z
2026-10-01T17:59:59.999000Z,1790877599999,BNBUSDT,-0.003079869558465731,-0.0012482921222625176,1.8439011404549572,0.3126303185771336,-0.25548791804298976,1.397078478285378,,,,,1.4587731344603618,,,,,,,,,,1.2308152201487033,-1.2665181741352476,,,,2026-10-01T17:59:59.999000Z,2026-10-01T18:59:59.999000Z
2026-10-01T17:59:59.999000Z,1790877599999,BTCUSDT,-0.0012482921222625176,-0.0012482921222625176,1.9963219878829899,1.4685627764809865,1.2308152201487033,1.2107368343152847,,0.09453976737337759,0.9894706006127937,0.5084660097935074,0.5569363173438805,,,-0.6462121052646669,,-0.3323527456947074,,,,,1.2308152201487033,-1.2665181741352476,,,,2026-10-01T17:59:59.999000Z,2026-10-01T18:59:59.999000Z
2026-10-01T17:59:59.999000Z,1790877599999,DOGEUSDT,0.0006319780914261219,-0.0012482921222625176,1.807578797925208,0.10501400018141852,0.18364260089089135,-0.0508202187186483,,,,,1.2433852287548086,,,,,,,,,,1.2308152201487033,-1.2665181741352476,,,,2026-10-01T17:59:59.999000Z,2026-10-01T18:59:59.999000Z
2026-10-01T17:59:59.999000Z,1790877599999,ETHUSDT,-0.0002480516836045332,-0.0012482921222625176,1.5783509711776085,0.07580960690882538,0.8393434006171252,1.8580654745914125,,,,,-0.1768870794735284,,,,,,,,,,1.2308152201487033,-1.2665181741352476,,,,2026-10-01T17:59:59.999000Z,2026-10-01T18:59:59.999000Z
2026-10-01T17:59:59.999000Z,1790877599999,SOLUSDT,0.0002534640081108819,-0.0012482921222625176,1.5680312439318627,0.2951673374435625,-0.23439100910635402,0.6777780748389928,,,,,0.6208877621684452,,,,,,,,,,1.2308152201487033,-1.2665181741352476,,,,2026-10-01T17:59:59.999000Z,2026-10-01T18:59:59.999000Z
2026-10-01T17:59:59.999000Z,1790877599999,XRPUSDT,0.0007332355685909508,-0.0012482921222625176,1.8406979820156841,0.4918305644237438,0.37641366590453257,-0.1754068628923489,,,,,0.6364347652672142,,,,,,,,,,1.2308152201487033,-1.2665181741352476,,,,2026-10-01T17:59:59.999000Z,2026-10-01T18:59:59.999000Z
2026-10-01T18:59:59.999000Z,1790881199999,ADAUSDT,-0.002010454362685987,-0.0014935964968759707,-0.7597894940807267,0.739332369038433,0.884570182069997,1.4336017514731343,,,,,0.39033004227619056,,,,,,,,,,1.1576829776987396,-1.2228665697330565,,,,2026-10-01T18:59:59.999000Z,2026-10-01T19:59:59.999000Z
2026-10-01T18:59:59.999000Z,1790881199999,AVAXUSDT,-9.0884304280614e-05,-0.0014935964968759707,0.3996761222930177,0.09377740516221958,0.3292169848125654,-0.7439885518245515,,,,,1.8394673222329792,,,,,,,,,,1.1576829776987396,-1.2228665697330565,,,,2026-10-01T18:59:59.999000Z,2026-10-01T19:59:59.999000Z
2026-10-01T18:59:59.999000Z,1790881199999,BNBUSDT,-0.0010514291648276997,-0.0014935964968759707,-0.8113486761480437,0.4973953540408258,-0.4930714871929906,0.7693221856791943,,,,,-2.5987465381867714,,,,,,,,,,1.1576829776987396,-1.2228665697330565,,,,2026-10-01T18:59:59.999000Z,2026-10-01T19:59:59.999000Z
2026-10-01T18:59:59.999000Z,1790881199999,BTCUSDT,-0.0014935964968759707,-0.0014935964968759707,-0.3858419158249993,1.0874359751858214,1.1576829776987396,0.22154440124665586,,0.114833493173573,-0.09405919687269054,-1.5577100468314427,0.9543462753108501,,,-0.6394249954602969,,-0.3296252663071442,,,,,1.1576829776987396,-1.2228665697330565,,,,2026-10-01T18:59:59.999000Z,2026-10-01T19:59:59.999000Z
2026-10-01T18:59:59.999000Z,1790881199999,DOGEUSDT,-0.0015789473684210131,-0.0014935964968759707,0.058657018903713234,0.582044615555857,0.42878613949169875,-0.5888208480808087,,,,,0.9254349094249715,,,,,,,,,,1.1576829776987396,-1.2228665697330565,,,,2026-10-01T18:59:59.999000Z,2026-10-01T19:59:59.999000Z
2026-10-01T18:59:59.999000Z,1790881199999,ETHUSDT,0.00011850184048167733,-0.0014935964968759707,-0.08151941211465094,0.35641237541304366,0.9493119616957247,-0.19889620512351094,,,,,-0.4033072399988625,,,,,,,,,,1.1576829776987396,-1.2228665697330565,,,,2026-10-01T18:59:59.999000Z,2026-10-01T19:59:59.999000Z
2026-10-01T18:59:59.999000Z,1790881199999,SOLUSDT,-0.0006757327476982766,-0.0014935964968759707,0.029763035491328617,0.771182711093954,0.08987915875185407,-0.4570840999482098,,,,,-0.23566013851356696,,,,,,,,,,1.1576829776987396,-1.2228665697330565,,,,2026-10-01T18:59:59.999000Z,2026-10-01T19:59:59.999000Z
2026-10-01T18:59:59.999000Z,1790881199999,XRPUSDT,-6.660893891963227e-05,-0.0014935964968759707,0.08545128486607297,0.9122835989292708,0.682038505683534,-0.40027740726503147,,,,,0.42903026258599086,,,,,,,,,,1.1576829776987396,-1.2228665697330565,,,,2026-10-01T18:59:59.999000Z,2026-10-01T19:59:59.999000Z
2026-10-01T19:59:59.999000Z,1790884799999,ADAUSDT,-0.003223207091055613,-0.0004884537839578984,-0.22739438748659566,0.29412160844564683,1.0658535133479867,0.24887014450120937,,,,,0.343346161966218,,,,,,,,,,1.4795663388002525,-1.3101836654779953,,,,2026-10-01T19:59:59.999000Z,2026-10-01T20:59:59.999000Z
2026-10-01T19:59:59.999000Z,1790884799999,AVAXUSDT,0.00036357025995270575,-0.0004884537839578984,-0.05158854106303426,0.21182910448898742,0.4637293040056105,-0.06365639607935973,,,,,1.4996460767217714,,,,,,,,,,1.4795663388002525,-1.3101836654779953,,,,2026-10-01T19:59:59.999000Z,2026-10-01T20:59:59.999000Z
2026-10-01T19:59:59.999000Z,1790884799999,BNBUSDT,0.0005327650506126158,-0.0004884537839578984,-0.3074960827591256,0.4932416242338131,-0.11390547799435488,0.052489852639549826,,,,,0.5786975543909446,,,,,,,,,,1.4795663388002525,-1.3101836654779953,,,,2026-10-01T19:59:59.999000Z,2026-10-01T20:59:59.999000Z
2026-10-01T19:59:59.999000Z,1790884799999,BTCUSDT,-0.0004884537839578984,-0.0004884537839578984,-0.44302400197875347,0.6834494847434726,1.4795663388002525,0.22175282114694644,,0.08765293612067042,-0.9078237633379559,1.521141297906894,-1.316882632892517,,,-0.6328481798062738,,-0.32696395646558823,,,,,1.4795663388002525,-1.3101836654779953,,,,2026-10-01T19:59:59.999000Z,2026-10-01T20:59:59.999000Z
2026-10-01T19:59:59.999000Z,1790884799999,DOGEUSDT,-0.002952029520295274,-0.0004884537839578984,-0.2741343780907284,0.3360430358364025,0.4079878289455443,0.3484375596268299,,,,,-0.8046330297793759,,,,,,,,,,1.4795663388002525,-1.3101836654779953,,,,2026-10-01T19:59:59.999000Z,2026-10-01T20:59:59.999000Z
2026-10-01T19:59:59.999000Z,1790884799999,ETHUSDT,-0.0006961158218238284,-0.0004884537839578984,-0.0048227728571095755,0.6757879956312418,1.3525816908030914,-0.45781797900693894,,,,,-0.308636936018557,,,,,,,,,,1.4795663388002525,-1.3101836654779953,,,,2026-10-01T19:59:59.999000Z,2026-10-01T20:59:59.999000Z
2026-10-01T19:59:59.999000Z,1790884799999,SOLUSDT,-0.0014369030513059489,-0.0004884537839578984,-0.11113809863655587,0.7002241960012304,1.0211959622077773,-0.15348052572886886,,,,,0.5541283490070625,,,,,,,,,,1.4795663388002525,-1.3101836654779953,,,,2026-10-01T19:59:59.999000Z,2026-10-01T20:59:59.999000Z
2026-10-01T19:59:59.999000Z,1790884799999,XRPUSDT,-0.0017985611510792365,-0.0004884537839578984,-0.03257940421104148,0.6686985530049523,1.0403788610627895,-0.24095667932702636,,,,,-0.3330073334319083,,,,,,,,,,1.4795663388002525,-1.3101836654779953,,,,2026-10-01T19:59:59.999000Z,2026-10-01T20:59:59.999000Z
2026-10-01T20:59:59.999000Z,1790888399999,ADAUSDT,-0.00929668552950691,-0.001051704988538793,-0.3497536665455012,0.44755312180398965,0.4272419988578158,0.43352525944494746,,,,,-0.14518013586804904,,,,,,,,,,1.253269254498915,-1.2651117123192737,,,,2026-10-01T20:59:59.999000Z,2026-10-01T21:59:59.999000Z
2026-10-01T20:59:59.999000Z,1790888399999,AVAXUSDT,-0.007632200617844753,-0.001051704988538793,-0.012461366893872838,0.6384948350388849,0.38853106003801524,-0.17212978076879004,,,,,1.7021168963046143,,,,,,,,,,1.253269254498915,-1.2651117123192737,,,,2026-10-01T20:59:59.999000Z,2026-10-01T21:59:59.999000Z
2026-10-01T20:59:59.999000Z,1790888399999,BNBUSDT,0.00044156991090682496,-0.001051704988538793,0.08612536788632566,0.4356561760719024,-0.4003313563138142,-0.5598177777862449,,,,,-1.0709650624781981,,,,,,,,,,1.253269254498915,-1.2651117123192737,,,,2026-10-01T20:59:59.999000Z,2026-10-01T21:59:59.999000Z
2026-10-01T20:59:59.999000Z,1790888399999,BTCUSDT,-0.001051704988538793,-0.001051704988538793,-0.1894830396655754,0.5436993043340592,1.253269254498915,-0.2105885446894421,,0.08404613169944916,0.2150678402448717,-1.3852593761585632,-1.2821712461312507,,,-0.6264709908966228,,-0.32436617960412173,,,,,1.253269254498915,-1.2651117123192737,,,,2026-10-01T20:59:59.999000Z,2026-10-01T21:59:59.999000Z
2026-10-01T20:59:59.999000Z,1790888399999,DOGEUSDT,-0.006133023157449458,-0.001051704988538793,-0.4792978868212361,0.5373750223056674,-0.12632441826343524,0.8261716328782277,,,,,0.21486931147862653,,,,,,,,,,1.253269254498915,-1.2651117123192737,,,,2026-10-01T20:59:59.999000Z,2026-10-01T21:59:59.999000Z
2026-10-01T20:59:59.999000Z,1790888399999,ETHUSDT,-0.0019897584870426366,-0.001051704988538793,-0.17517315860269939,0.691235099983276,0.6760748215418589,-0.2555341986036571,,,,,-0.3193491175600427,,,,,,,,,,1.253269254498915,-1.2651117123192737,,,,2026-10-01T20:59:59.999000Z,2026-10-01T21:59:59.999000Z
2026-10-01T20:59:59.999000Z,1790888399999,SOLUSDT,-0.004062976130015272,-0.001051704988538793,-0.22637772809502502,0.7478316511080655,0.3459012358496351,0.025149346423213797,,,,,0.9536487879580839,,,,,,,,,,1.253269254498915,-1.2651117123192737,,,,2026-10-01T20:59:59.999000Z,2026-10-01T21:59:59.999000Z
2026-10-01T20:59:59.999000Z,1790888399999,XRPUSDT,-0.00540540540540535,-0.001051704988538793,-0.288349107052427,0.8141291193732675,0.7073663788620322,0.14699544785343543,,,,,0.594342398293493,,,,,,,,,,1.253269254498915,-1.2651117123192737,,,,2026-10-01T20:59:59.999000Z,2026-10-01T21:59:59.999000Z
2026-10-01T21:59:59.999000Z,1790891999999,ADAUSDT,0.004079967360261172,0.002421669220139311,-0.967287414190938,-1.2424372628769063,-0.04374181297706995,1.0576414577007305,,,,,-0.3409528943359126,,,,,,,,,,0.9457498680633925,-1.2165625217317166,,,,2026-10-01T21:59:59.999000Z,2026-10-01T22:59:59.999000Z
2026-10-01T21:59:59.999000Z,1790891999999,AVAXUSDT,0.005493499359091603,0.002421669220139311,-0.6968637507403643,-0.18970300735390322,0.21542136175199117,0.48058600446960337,,,,,1.0610857365965565,,,,,,,,,,0.9457498680633925,-1.2165625217317166,,,,2026-10-01T21:59:59.999000Z,2026-10-01T22:59:59.999000Z
2026-10-01T21:59:59.999000Z,1790891999999,BNBUSDT,0.0008957316439919261,0.002421669220139311,0.06280457547754145,-0.5832995861290299,-0.2242822015607927,-1.5104095436316578,,,,,1.0179379039533554,,,,,,,,,,0.9457498680633925,-1.2165625217317166,,,,2026-10-01T21:59:59.999000Z,2026-10-01T22:59:59.999000Z
2026-10-01T21:59:59.999000Z,1790891999999,BTCUSDT,0.002421669220139311,0.002421669220139311,-0.32913677200173846,-0.7679525424448558,0.9457498680633925,-1.0344897776768565,,0.081473971899077,0.348668919452232,-1.2785705462114165,-1.397087022390256,,,-0.6202835050446206,,-0.3218294441043719,,,,,0.9457498680633925,-1.2165625217317166,,,,2026-10-01T21:59:59.999000Z,2026-10-01T22:59:59.999000Z
2026-10-01T21:59:59.999000Z,1790891999999,DOGEUSDT,0.0021278859453133236,0.002421669220139311,-0.9540127676088278,-0.862941227160965,-0.4932242261786105,0.8171472220555489,,,,,-0.7341305013258906,,,,,,,,,,0.9457498680633925,-1.2165625217317166,,,,2026-10-01T21:59:59.999000Z,2026-10-01T22:59:59.999000Z
2026-10-01T21:59:59.999000Z,1790891999999,ETHUSDT,0.003631030834060578,0.002421669220139311,-0.4459058161706126,-0.4071144236821565,0.3506717522397638,-1.0680797803867677,,,,,1.8905606346876984,,,,,,,,,,0.9457498680633925,-1.2165625217317166,,,,2026-10-01T21:59:59.999000Z,2026-10-01T22:59:59.999000Z
2026-10-01T21:59:59.999000Z,1790891999999,SOLUSDT,0.005609382967873611,0.002421669220139311,-0.6264952853144437,-0.5856620783990101,0.022996067688902732,-0.21914775296049555,,,,,0.924915062076647,,,,,,,,,,0.9457498680633925,-1.2165625217317166,,,,2026-10-01T21:59:59.999000Z,2026-10-01T22:59:59.999000Z
2026-10-01T21:59:59.999000Z,1790891999999,XRPUSDT,0.002482555018787025,0.002421669220139311,-0.8194113428053179,-0.5518282200000508,0.36290440832207277,0.26683995315197967,,,,,0.4699611335257034,,,,,,,,,,0.9457498680633925,-1.2165625217317166,,,,2026-10-01T21:59:59.999000Z,2026-10-01T22:59:59.999000Z
2026-10-01T22:59:59.999000Z,1790895599999,ADAUSDT,0.001219016659894434,0.0015377040139243903,0.4203098246566476,-0.631270936716463,-0.5535611518698699,-0.18878674902446843,,,,,-0.5487412953059113,,,,,,,,,,1.3617994582463986,-1.1702803344292152,,,,2026-10-01T22:59:59.999000Z,2026-10-01T23:59:59.999000Z
2026-10-01T22:59:59.999000Z,1790895599999,AVAXUSDT,0.0007284647605172445,0.0015377040139243903,0.43962520631811014,-0.17816641291454438,0.27826504583968603,-0.2570789362001108,,,,,-1.5043333512783492,,,,,,,,,,1.3617994582463986,-1.1702803344292152,,,,2026-10-01T22:59:59.999000Z,2026-10-01T23:59:59.999000Z
2026-10-01T22:59:59.999000Z,1790895599999,BNBUSDT,0.0009597800287934888,0.0015377040139243903,0.1762270219730763,-0.01949804858073906,-0.5046899033724005,0.78693180851752,,,,,-1.6856889623608757,,,,,,,,,,1.3617994582463986,-1.1702803344292152,,,,2026-10-01T22:59:59.999000Z,2026-10-01T23:59:59.999000Z
2026-10-01T22:59:59.999000Z,1790895599999,BTCUSDT,0.0015377040139243903,0.0015377040139243903,0.5490359520757419,-0.25048423209249343,1.3617994582463986,0.32994148250104827,,0.05852385553706979,0.9392795483422485,0.0661661725745469,-0.6876907880175879,,,-0.6142764768511326,,-0.3193513931977276,,,,,1.3617994582463986,-1.1702803344292152,,,,2026-10-01T22:59:59.999000Z,2026-10-01T23:59:59.999000Z
2026-10-01T22:59:59.999000Z,1790895599999,DOGEUSDT,0.0019110308949994437,0.0015377040139243903,0.31208070925543185,-0.7400177841996077,-0.5108006059578537,0.5577563115161059,,,,,1.7067064112640833,,,,,,,,,,1.3617994582463986,-1.1702803344292152,,,,2026-10-01T22:59:59.999000Z,2026-10-01T23:59:59.999000Z
2026-10-01T22:59:59.999000Z,1790895599999,ETHUSDT,0.0011800697683881367,0.0015377040139243903,0.7459804298592041,0.03345407853866793,0.6603371474255254,-0.13834735362627504,,,,,1.8162785074098513,,,,,,,,,,1.3617994582463986,-1.1702803344292152,,,,2026-10-01T22:59:59.999000Z,2026-10-01T23:59:59.999000Z
2026-10-01T22:59:59.999000Z,1790895599999,SOLUSDT,0.0007606490872211769,0.0015377040139243903,0.8663975867913183,-0.08909486102654658,0.399787852224532,-1.0708125072191657,,,,,1.4607771578314643,,,,,,,,,,1.3617994582463986,-1.1702803344292152,,,,2026-10-01T22:59:59.999000Z,2026-10-01T23:59:59.999000Z
2026-10-01T22:59:59.999000Z,1790895599999,XRPUSDT,-0.0001338598487383713,0.0015377040139243903,0.36389991672740796,-0.4157096813422532,0.5736176417022285,0.2210204979042972,,,,,-0.767419208472247,,,,,,,,,,1.3617994582463986,-1.1702803344292152,,,,2026-10-01T22:59:59.999000Z,2026-10-01T23:59:59.999000Z
2026-10-01T23:59:59.999000Z,1790899199999,ADAUSDT,-0.0012175324675324228,-0.0011211114979314818,0.12013251478033937,-0.4521043568153531,-0.2125461317667225,-0.06835923181736354,,,,,-1.848470251816291,,,,,,,,,,1.6144319901178465,-1.1475394818371212,,,,2026-10-01T23:59:59.999000Z,2026-10-02T00:59:59.999000Z
2026-10-01T23:59:59.999000Z,1790899199999,AVAXUSDT,-0.004185623293903484,-0.0011211114979314818,0.023078566545325876,-0.14756162970439404,0.3294349232351507,0.07972833318313668,,,,,-0.36201108357869294,,,,,,,,,,1.6144319901178465,-1.1475394818371212,,,,2026-10-01T23:59:59.999000Z,2026-10-02T00:59:59.999000Z
2026-10-01T23:59:59.999000Z,1790899199999,BNBUSDT,-9.070294784585542e-05,-0.0011211114979314818,0.19112813442245652,0.2662991225527432,-0.36760514175200726,0.02854753333502089,,,,,-0.07938976601209606,,,,,,,,,,1.6144319901178465,-1.1475394818371212,,,,2026-10-01T23:59:59.999000Z,2026-10-02T00:59:59.999000Z
2026-10-01T23:59:59.999000Z,1790899199999,BTCUSDT,-0.0011211114979314818,-0.0011211114979314818,0.32060199412470464,0.1786792216302662,1.6144319901178465,-0.13363015609570741,,0.04444546726838686,0.26514786176809946,0.8860089743416597,0.024472348797981987,,,-0.6084412806779285,,-0.3169297957150375,,,,,1.6144319901178465,-1.1475394818371212,,,,2026-10-01T23:59:59.999000Z,2026-10-02T00:59:59.999000Z
2026-10-01T23:59:59.999000Z,1790899199999,DOGEUSDT,-0.0031789763696089546,-0.0011211114979314818,0.2764670284625471,-0.46733254311070577,-0.3964068236473329,-0.45889884696514965,,,,,0.6702267865832264,,,,,,,,,,1.6144319901178465,-1.1475394818371212,,,,2026-10-01T23:59:59.999000Z,2026-10-02T00:59:59.999000Z
2026-10-01T23:59:59.999000Z,1790899199999,ETHUSDT,0.0007242039299149017,-0.0011211114979314818,0.2193038447241892,0.154282740558464,0.8355569449806668,-0.08085077415118386,,,,,1.059946948838246,,,,,,,,,,1.6144319901178465,-1.1475394818371212,,,,2026-10-01T23:59:59.999000Z,2026-10-02T00:59:59.999000Z
2026-10-01T23:59:59.999000Z,1790899199999,SOLUSDT,0.004138164006418421,-0.0011211114979314818,0.11038453589789739,0.04541884551400395,0.47769731991077047,0.05935664100288646,,,,,0.12158369673753708,,,,,,,,,,1.6144319901178465,-1.1475394818371212,,,,2026-10-01T23:59:59.999000Z,2026-10-02T00:59:59.999000Z
2026-10-01T23:59:59.999000Z,1790899199999,XRPUSDT,0.0007363277327800954,-0.0011211114979314818,-0.031851412358882246,-0.41723705565453956,0.510051560661077,0.30362402577283354,,,,,-0.966592173435975,,,,,,,,,,1.6144319901178465,-1.1475394818371212,,,,2026-10-01T23:59:59.999000Z,2026-10-02T00:59:59.999000Z
2026-10-02T00:59:59.999000Z,1790902799999,ADAUSDT,0.00040633888663133,0.0014756167048162183,-0.13564461934408784,-0.33944433183148626,-0.2330414382059168,0.13075001186344296,,,,,0.8979801935831221,,,,,,,,,,1.587653797495881,-1.127263092859574,,,,2026-10-02T00:59:59.999000Z,2026-10-02T01:59:59.999000Z
2026-10-02T00:59:59.999000Z,1790902799999,AVAXUSDT,-0.0027412280701755165,0.0014756167048162183,-0.406137550249812,-0.31015617857059663,0.42728830864700257,0.5435031018722235,,,,,0.675290994087156,,,,,,,,,,1.587653797495881,-1.127263092859574,,,,2026-10-02T00:59:59.999000Z,2026-10-02T01:59:59.999000Z
2026-10-02T00:59:59.999000Z,1790902799999,BNBUSDT,0.0001295873937383618,0.0014756167048162183,-0.0774156664075811,0.17508617804144852,-0.5271818156965411,-0.12871712079502579,,,,,-1.2190449283743034,,,,,,,,,,1.587653797495881,-1.127263092859574,,,,2026-10-02T00:59:59.999000Z,2026-10-02T01:59:59.999000Z
2026-10-02T00:59:59.999000Z,1790902799999,BTCUSDT,0.0014756167048162183,0.0014756167048162183,-0.3605649010785693,0.08735189612221538,1.587653797495881,0.2270469505171329,,-6.834470157225069,1.2324419735236263,0.8987291194197626,-0.4899063061937328,,,-1.383484909123187,,-0.9034039658270019,,,,,1.587653797495881,-1.127263092859574,,,,2026-10-02T00:59:59.999000Z,2026-10-02T01:59:59.999000Z
2026-10-02T00:59:59.999000Z,1790902799999,DOGEUSDT,-0.002232380142447088,0.0014756167048162183,-0.5110569628104971,-0.4806738913982723,-0.6419330969238827,1.2465316039895535,,,,,0.5210359134851783,,,,,,,,,,1.587653797495881,-1.127263092859574,,,,2026-10-02T00:59:59.999000Z,2026-10-02T01:59:59.999000Z
2026-10-02T00:59:59.999000Z,1790902799999,ETHUSDT,0.0028245667151580722,0.0014756167048162183,0.12013087443824316,0.31648220678321554,0.9541278514714573,-0.5611481678327518,,,,,1.0531353738528666,,,,,,,,,,1.587653797495881,-1.127263092859574,,,,2026-10-02T00:59:59.999000Z,2026-10-02T01:59:59.999000Z
2026-10-02T00:59:59.999000Z,1790902799999,SOLUSDT,0.005130361648444159,0.0014756167048162183,0.6339849713643642,0.5684189964235634,0.892243766803738,-2.077306877224798,,,,,1.4817752242716682,,,,,,,,,,1.587653797495881,-1.127263092859574,,,,2026-10-02T00:59:59.999000Z,2026-10-02T01:59:59.999000Z
2026-10-02T00:59:59.999000Z,1790902799999,XRPUSDT,0.0010702341137123206,0.0014756167048162183,0.10009529594650088,-0.22037018077505022,0.5221203531141697,-0.39531847245396456,,,,,0.5634554319341193,,,,,,,,,,1.587653797495881,-1.127263092859574,,,,2026-10-02T00:59:59.999000Z,2026-10-02T01:59:59.999000Z
2026-10-02T01:59:59.999000Z,1790906399999,ADAUSDT,0.012591389114541052,0.0032740548816394544,0.0364053184304395,0.19869127728466845,-0.43540546148515474,0.05323304240870064,,,,,-1.430859460046044,,,,,,,,,,1.7005923497067046,-1.0995352030056438,,,,2026-10-02T01:59:59.999000Z,2026-10-02T02:59:59.999000Z
2026-10-02T01:59:59.999000Z,1790906399999,AVAXUSDT,0.01007879787428978,0.0032740548816394544,-0.27622242039912237,-0.12994575943664208,0.3037593672813688,0.5163394787588376,,,,,-0.5786186577257831,,,,,,,,,,1.7005923497067046,-1.0995352030056438,,,,2026-10-02T01:59:59.999000Z,2026-10-02T02:59:59.999000Z
2026-10-02T01:59:59.999000Z,1790906399999,BNBUSDT,0.0033299644976547693,0.0032740548816394544,-0.02044920189500939,0.12886318115043843,-0.3087279781465279,0.21198974303906462,,,,,-0.7584979814821843,,,,,,,,,,1.7005923497067046,-1.0995352030056438,,,,2026-10-02T01:59:59.999000Z,2026-10-02T02:59:59.999000Z
2026-10-02T01:59:59.999000Z,1790906399999,BTCUSDT,0.0032740548816394544,0.0032740548816394544,0.3092710320607036,0.4484330717104353,1.7005923497067046,-0.2019051725124708,,0.478848060387512,0.8270873448457259,0.966683746240244,0.28676837077012024,,,-1.3565617129657304,,-0.8923878168135526,,,,,1.7005923497067046,-1.0995352030056438,,,,2026-10-02T01:59:59.999000Z,2026-10-02T02:59:59.999000Z
2026-10-02T01:59:59.999000Z,1790906399999,DOGEUSDT,0.0047943746004688315,0.0032740548816394544,-0.36020250677036064,-0.17345554259927085,-0.955116252149517,1.381021702148653,,,,,-3.2183696140441946,,,,,,,,,,1.7005923497067046,-1.0995352030056438,,,,2026-10-02T01:59:59.999000Z,2026-10-02T02:59:59.999000Z
2026-10-02T01:59:59.999000Z,1790906399999,ETHUSDT,0.0018446040728563595,0.0032740548816394544,0.5711307441758829,0.8690024769574183,1.0478996480116765,-0.9158856881493922,,,,,1.4718418812305585,,,,,,,,,,1.7005923497067046,-1.0995352030056438,,,,2026-10-02T01:59:59.999000Z,2026-10-02T02:59:59.999000Z
2026-10-02T01:59:59.999000Z,1790906399999,SOLUSDT,0.0046858003514349544,0.0032740548816394544,0.7815480511243871,1.4197038537590159,1.2072998622942206,-1.8873365492900804,,,,,0.8176003350705716,,,,,,,,,,1.7005923497067046,-1.0995352030056438,,,,2026-10-02T01:59:59.999000Z,2026-10-02T02:59:59.999000Z
2026-10-02T01:59:59.999000Z,1790906399999,XRPUSDT,0.0038754510223173444,0.0032740548816394544,0.1503030057812018,0.2827258407501338,0.6911164343158438,-0.11712163261300006,,,,,-2.048232284510195,,,,,,,,,,1.7005923497067046,-1.0995352030056438,,,,2026-10-02T01:59:59.999000Z,2026-10-02T02:59:59.999000Z
2026-10-02T02:59:59.999000Z,1790909999999,ADAUSDT,0.002406738868832692,0.0038139174531623965,1.3133773967529243,0.6667658245319456,-0.10863215134285148,-1.586823532105418,,,,,1.6875896141748281,,,,,,,,,,2.0597284887246503,-1.0406944897794281,,,,2026-10-02T02:59:59.999000Z,2026-10-02T03:59:59.999000Z
2026-10-02T02:59:59.999000Z,1790909999999,AVAXUSDT,-0.001542089985486217,0.0038139174531623965,0.8559814741895587,0.03767920877648156,0.09474328732189437,-0.6047850136830664,,,,,1.267074518985526,,,,,,,,,,2.0597284887246503,-1.0406944897794281,,,,2026-10-02T02:59:59.999000Z,2026-10-02T03:59:59.999000Z
2026-10-02T02:59:59.999000Z,1790909999999,BNBUSDT,0.0020145928843544603,0.0038139174531623965,0.8018958621627416,0.4803325798986423,0.19230861108012548,0.7238287748198908,,,,,-0.3120527638374849,,,,,,,,,,2.0597284887246503,-1.0406944897794281,,,,2026-10-02T02:59:59.999000Z,2026-10-02T03:59:59.999000Z
2026-10-02T02:59:59.999000Z,1790909999999,BTCUSDT,0.0038139174531623965,0.0038139174531623965,0.769361041363674,0.5668082537670056,2.0597284887246503,0.7794055778316958,,0.8278753018338618,1.9703228035779579,-0.9152160244196083,1.1040498803540488,,,-1.3311574696140867,,-0.8817667864303574,,,,,2.0597284887246503,-1.0406944897794281,,,,2026-10-02T02:59:59.999000Z,2026-10-02T03:59:59.999000Z
2026-10-02T02:59:59.999000Z,1790909999999,DOGEUSDT,0.005301664722722865,0.0038139174531623965,0.7378213866473848,0.036005860291088806,-0.9825559709096758,0.3055661481562535,,,,,2.21951291784295,,,,,,,,,,2.0597284887246503,-1.0406944897794281,,,,2026-10-02T02:59:59.999000Z,2026-10-02T03:59:59.999000Z
2026-10-02T02:59:59.999000Z,1790909999999,ETHUSDT,-0.0005108340928468014,0.0038139174531623965,0.35457225496973555,0.6530560102726304,1.3729761293547131,1.6344100094479947,,,,,1.456091622865902,,,,,,,,,,2.0597284887246503,-1.0406944897794281,,,,2026-10-02T02:59:59.999000Z,2026-10-02T03:59:59.999000Z
2026-10-02T02:59:59.999000Z,1790909999999,SOLUSDT,0.009744315815774174,0.0038139174531623965,0.7041354427764135,1.3059961051423514,1.4941126031937362,0.3737730403691344,,,,,1.3284703593130545,,,,,,,,,,2.0597284887246503,-1.0406944897794281,,,,2026-10-02T02:59:59.999000Z,2026-10-02T03:59:59.999000Z
2026-10-02T02:59:59.999000Z,1790909999999,XRPUSDT,0.004193290734824329,0.0038139174531623965,0.5786257907460681,0.38882996902826583,0.830067810230714,0.4669155997126234,,,,,0.03619335142191065,,,,,,,,,,2.0597284887246503,-1.0406944897794281,,,,2026-10-02T02:59:59.999000Z,2026-10-02T03:59:59.999000Z
2026-10-02T03:59:59.999000Z,1790913599999,ADAUSDT,0.02601040416166467,0.01332220051009858,0.2292415698669857,0.7262635175337703,-0.42854707214845694,0.16760962689878317,,,,,-0.5207516313269844,,,,,,,,,,2.0339970247719124,-0.9961040472209244,,,,2026-10-02T03:59:59.999000Z,2026-10-02T04:59:59.999000Z
2026-10-02T03:59:59.999000Z,1790913599999,AVAXUSDT,0.016080675933496824,0.01332220051009858,-0.18015917025628025,-0.04651591915667527,-0.08902021656257302,0.6922521910311235,,,,,0.45413973065346175,,,,,,,,,,2.0339970247719124,-0.9961040472209244,,,,2026-10-02T03:59:59.999000Z,2026-10-02T04:59:59.999000Z
2026-10-02T03:59:59.999000Z,1790913599999,BNBUSDT,0.007784407985462316,0.01332220051009858,0.4556921443732984,0.6295079170169691,0.27926559624274755,0.37397355183346337,,,,,-0.39305469752892386,,,,,,,,,,2.0339970247719124,-0.9961040472209244,,,,2026-10-02T03:59:59.999000Z,2026-10-02T04:59:59.999000Z
2026-10-02T03:59:59.999000Z,1790913599999,BTCUSDT,0.01332220051009858,0.01332220051009858,0.899348777774205,0.8880579353738737,2.0339970247719124,-0.1849074560330172,,1.2994097584758817,2.117152126824646,0.2545295737969621,1.9767349430495367,,,-1.3071344043087634,,-0.8715177601390097,,,,,2.0339970247719124,-0.9961040472209244,,,,2026-10-02T03:59:59.999000Z,2026-10-02T04:59:59.999000Z
2026-10-02T03:59:59.999000Z,1790913599999,DOGEUSDT,0.020672924796962144,0.01332220051009858,0.8088574061945022,0.30307173942288046,-0.9843015014805201,-1.0803991626096512,,,,,1.4277884514933392,,,,,,,,,,2.0339970247719124,-0.9961040472209244,,,,2026-10-02T03:59:59.999000Z,2026-10-02T04:59:59.999000Z
2026-10-02T03:59:59.999000Z,1790913599999,ETHUSDT,0.008497416947033765,0.01332220051009858,-0.16146470204510205,0.4502078077321658,0.882648001360446,1.5841601272018042,,,,,2.515853164761208,,,,,,,,,,2.0339970247719124,-0.9961040472209244,,,,2026-10-02T03:59:59.999000Z,2026-10-02T04:59:59.999000Z
2026-10-02T03:59:59.999000Z,1790913599999,SOLUSDT,0.018558231606730535,0.01332220051009858,1.4735492125756753,2.07854366437987,1.8648519335132963,-2.6927972432951384,,,,,1.5272362949792457,,,,,,,,,,2.0339970247719124,-0.9961040472209244,,,,2026-10-02T03:59:59.999000Z,2026-10-02T04:59:59.999000Z
2026-10-02T03:59:59.999000Z,1790913599999,XRPUSDT,0.014383243852323258,0.01332220051009858,0.6221767009436499,0.7239529949112947,0.7076274112238069,-0.3299374508217455,,,,,0.2928150708096016,,,,,,,,,,2.0339970247719124,-0.9961040472209244,,,,2026-10-02T03:59:59.999000Z,2026-10-02T04:59:59.999000Z
2026-10-02T04:59:59.999000Z,1790917199999,ADAUSDT,-0.011310452418096806,-0.00750252850132227,2.607636600742065,2.186632254681684,0.700699054890071,-2.2534726455520904,,,,,1.0932077047639872,,,,,,,,,,2.8615162473361533,-0.11662302074981434,,,,2026-10-02T04:59:59.999000Z,2026-10-02T05:59:59.999000Z
2026-10-02T04:59:59.999000Z,1790917199999,AVAXUSDT,-0.009924892703862542,-0.00750252850132227,1.376286586484222,0.7078798221122828,0.34033266132928813,-0.035016974836614284,,,,,0.3235227314211338,,,,,,,,,,2.8615162473361533,-0.11662302074981434,,,,2026-10-02T04:59:59.999000Z,2026-10-02T05:59:59.999000Z
2026-10-02T04:59:59.999000Z,1790917199999,BNBUSDT,-0.006023403030884333,-0.00750252850132227,1.9049612039251649,1.7457079713504757,1.2426881859282626,2.4500069223072827,,,,,1.069452097522496,,,,,,,,,,2.8615162473361533,-0.11662302074981434,,,,2026-10-02T04:59:59.999000Z,2026-10-02T05:59:59.999000Z
2026-10-02T04:59:59.999000Z,1790917199999,BTCUSDT,-0.00750252850132227,-0.00750252850132227,3.133022378574203,2.8185073104519045,2.8615162473361533,0.7970603191569636,,0.8286164292514552,2.2411031214990738,-0.13596168563309927,1.0699170524531243,,,-1.2843716275134853,,-0.8616194748502191,,,,,2.8615162473361533,-0.11662302074981434,,,,2026-10-02T04:59:59.999000Z,2026-10-02T05:59:59.999000Z
2026-10-02T04:59:59.999000Z,1790917199999,DOGEUSDT,-0.009610416451379611,-0.00750252850132227,3.0155789363410754,2.1388992315487054,0.6708089380041836,-2.3675886330421116,,,,,-0.23962708773861616,,,,,,,,,,2.8615162473361533,-0.11662302074981434,,,,2026-10-02T04:59:59.999000Z,2026-10-02T05:59:59.999000Z
2026-10-02T04:59:59.999000Z,1790917199999,ETHUSDT,-0.008061223001648021,-0.00750252850132227,1.7782831896048932,1.342760491069425,1.3609298615534513,2.9068890236155673,,,,,1.1549341237038364,,,,,,,,,,2.8615162473361533,-0.11662302074981434,,,,2026-10-02T04:59:59.999000Z,2026-10-02T05:59:59.999000Z
2026-10-02T04:59:59.999000Z,1790917199999,SOLUSDT,-0.012875536480686622,-0.00750252850132227,2.6971775518827332,3.153917698906939,2.8112557245991177,-1.15146498268119,,,,,0.8764046380857864,,,,,,,,,,2.8615162473361533,-0.11662302074981434,,,,2026-10-02T04:59:59.999000Z,2026-10-02T05:59:59.999000Z
2026-10-02T04:59:59.999000Z,1790917199999,XRPUSDT,-0.008821223209618423,-0.00750252850132227,2.1282536621138997,1.7606503616373088,1.791665589523537,0.351438420937995,,,,,-0.701398205605287,,,,,,,,,,2.8615162473361533,-0.11662302074981434,,,,2026-10-02T04:59:59.999000Z,2026-10-02T05:59:59.999000Z
2026-10-02T05:59:59.999000Z,1790920799999,ADAUSDT,0.0039447731755424265,-0.00010534637504400202,-1.2030182175441124,1.4864063022449099,-0.16088400480177573,0.4693379448513134,,,,,-0.5241647872146606,,,,,,,,,,1.6836209220439529,0.2667316378069701,,,,2026-10-02T05:59:59.999000Z,2026-10-02T06:59:59.999000Z
2026-10-02T05:59:59.999000Z,1790920799999,AVAXUSDT,0.002167434299647608,-0.00010534637504400202,-0.93438562308073,0.4283840166439858,0.03502465456086289,0.11757847444181087,,,,,0.5736934869179673,,,,,,,,,,1.6836209220439529,0.2667316378069701,,,,2026-10-02T05:59:59.999000Z,2026-10-02T06:59:59.999000Z
2026-10-02T05:59:59.999000Z,1790920799999,BNBUSDT,0.00025732077607942827,-0.00010534637504400202,-1.6051287962246052,0.8308539645197258,0.06588522775499983,-1.0490599349362224,,,,,-0.9445047532710333,,,,,,,,,,1.6836209220439529,0.2667316378069701,,,,2026-10-02T05:59:59.999000Z,2026-10-02T06:59:59.999000Z
2026-10-02T05:59:59.999000Z,1790920799999,BTCUSDT,-0.00010534637504400202,-0.00010534637504400202,-1.91240861208984,1.5160639388324884,1.6836209220439529,-0.5670823385481308,,0.6242291397424173,1.4544423545982366,0.3129799605078461,-0.19328337596106915,,,-1.2627625643122726,,-0.8520523324515186,,,,,1.6836209220439529,0.2667316378069701,,,,2026-10-02T05:59:59.999000Z,2026-10-02T06:59:59.999000Z
2026-10-02T05:59:59.999000Z,1790920799999,DOGEUSDT,0.0006260434056761799,-0.00010534637504400202,-1.4708735971958922,1.511216057942024,-0.21049306169941867,0.14276854964778407,,,,,-0.7627727331150818,,,,,,,,,,1.6836209220439529,0.2667316378069701,,,,2026-10-02T05:59:59.999000Z,2026-10-02T06:59:59.999000Z
2026-10-02T05:59:59.999000Z,1790920799999,ETHUSDT,0.0032234943855329323,-0.00010534637504400202,-1.7761120491563729,0.05539086937752072,-0.08498946240396148,-0.5655715995571631,,,,,-0.5440154507167555,,,,,,,,,,1.6836209220439529,0.2667316378069701,,,,2026-10-02T05:59:59.999000Z,2026-10-02T06:59:59.999000Z
2026-10-02T05:59:59.999000Z,1790920799999,SOLUSDT,-0.0011484823625922402,-0.00010534637504400202,-1.961030263066241,1.5278903354054496,1.5762283026011572,1.5069774971458494,,,,,-0.8725400228874577,,,,,,,,,,1.6836209220439529,0.2667316378069701,,,,2026-10-02T05:59:59.999000Z,2026-10-02T06:59:59.999000Z
2026-10-02T05:59:59.999000Z,1790920799999,XRPUSDT,0.0040872832751004395,-0.00010534637504400202,-1.3741489005488385,0.9604814977856089,0.6829359411079811,-0.1644921082460478,,,,,-1.2860058217348145,,,,,,,,,,1.6836209220439529,0.2667316378069701,,,,2026-10-02T05:59:59.999000Z,2026-10-02T06:59:59.999000Z
2026-10-02T06:59:59.999000Z,1790924399999,ADAUSDT,0.003929273084479323,0.0011245107883843808,0.35520585340856115,0.9966393685370758,0.07315307467468612,-0.49052449907623435,,,,,-1.037723114964879,,,,,,,,,,1.8219981517192392,0.22583224067873697,,,,2026-10-02T06:59:59.999000Z,2026-10-02T07:59:59.999000Z
2026-10-02T06:59:59.999000Z,1790924399999,AVAXUSDT,-0.0003604577813822729,0.0011245107883843808,0.14531424575182622,0.12783534853358147,0.08433226492794753,-0.05351161022998322,,,,,-0.9839462930630621,,,,,,,,,,1.8219981517192392,0.22583224067873697,,,,2026-10-02T06:59:59.999000Z,2026-10-02T07:59:59.999000Z
2026-10-02T06:59:59.999000Z,1790924399999,BNBUSDT,-0.0014534883720931369,0.0011245107883843808,-0.008196808509521713,0.379195420847189,0.3105724067834359,0.40540709814085524,,,,,-0.9824523814247497,,,,,,,,,,1.8219981517192392,0.22583224067873697,,,,2026-10-02T06:59:59.999000Z,2026-10-02T07:59:59.999000Z
2026-10-02T06:59:59.999000Z,1790924399999,BTCUSDT,0.0011245107883843808,0.0011245107883843808,-0.13068252355566828,1.0339842298067055,1.8219981517192392,0.6002994274472658,,0.30935916346648257,1.0357693533085353,1.1104837190679804,-1.775323637073139,,,-1.2422128464579567,,-0.8427982357897873,,,,,1.8219981517192392,0.22583224067873697,,,,2026-10-02T06:59:59.999000Z,2026-10-02T07:59:59.999000Z
2026-10-02T06:59:59.999000Z,1790924399999,DOGEUSDT,0.005943691345151159,0.0011245107883843808,0.04377909911814249,1.1653323631495613,-0.08973874032719724,0.4515154422292683,,,,,0.11218618670656257,,,,,,,,,,1.8219981517192392,0.22583224067873697,,,,2026-10-02T06:59:59.999000Z,2026-10-02T07:59:59.999000Z
2026-10-02T06:59:59.999000Z,1790924399999,ETHUSDT,0.0028833964725105687,0.0011245107883843808,0.6384531132834683,0.21640746988966914,0.426587718078366,-0.7199447214732936,,,,,1.2382256651487207,,,,,,,,,,1.8219981517192392,0.22583224067873697,,,,2026-10-02T06:59:59.999000Z,2026-10-02T07:59:59.999000Z
2026-10-02T06:59:59.999000Z,1790924399999,SOLUSDT,-0.0003285151116951823,0.0011245107883843808,-0.2316159220331077,1.0125127084051346,1.5521577530362047,1.1492400337985278,,,,,0.8383413510218392,,,,,,,,,,1.8219981517192392,0.22583224067873697,,,,2026-10-02T06:59:59.999000Z,2026-10-02T07:59:59.999000Z
2026-10-02T06:59:59.999000Z,1790924399999,XRPUSDT,0.005777690237016797,0.0011245107883843808,0.5721471432455352,0.9644885348893348,1.2282053482406814,-0.7630687811822778,,,,,-0.8177845602435387,,,,,,,,,,1.8219981517192392,0.22583224067873697,,,,2026-10-02T06:59:59.999000Z,2026-10-02T07:59:59.999000Z
2026-10-02T07:59:59.999000Z,1790927999999,ADAUSDT,-0.003522504892367939,0.0016999720640054061,0.35111327933522934,1.0653243356519189,1.4832698715261843,-0.36048011481621756,,,,,-0.5333214190845051,,,,,,,,,,2.643864834977859,-0.25846709262786366,,,,2026-10-02T07:59:59.999000Z,2026-10-02T08:59:59.999000Z
2026-10-02T07:59:59.999000Z,1790927999999,AVAXUSDT,0.0005408816370684466,0.0016999720640054061,-0.08152656929343696,0.17190249635608326,0.5025682245428422,0.38939747676229475,,,,,-0.553240516581599,,,,,,,,,,2.643864834977859,-0.25846709262786366,,,,2026-10-02T07:59:59.999000Z,2026-10-02T08:59:59.999000Z
2026-10-02T07:59:59.999000Z,1790927999999,BNBUSDT,0.001378315363707916,0.0016999720640054061,-0.44266395670113284,-0.12852683208970594,1.2868099942939477,1.1094898142650198,,,,,-0.6274339498674527,,,,,,,,,,2.643864834977859,-0.25846709262786366,,,,2026-10-02T07:59:59.999000Z,2026-10-02T08:59:59.999000Z
2026-10-02T07:59:59.999000Z,1790927999999,BTCUSDT,0.0016999720640054061,0.0016999720640054061,0.16623602530026893,0.6573474394225416,2.643864834977859,0.37160061143215345,,0.11421222560087443,3.3216741793810067,0.9978844924501665,-1.7112401162524902,,,-1.2226385717833816,,-0.8338404439813472,,,,,2.643864834977859,-0.25846709262786366,,,,2026-10-02T07:59:59.999000Z,2026-10-02T08:59:59.999000Z
2026-10-02T07:59:59.999000Z,1790927999999,DOGEUSDT,0.0068415051311288,0.0016999720640054061,0.8269731657996234,1.1957131727198185,1.6702800355757779,-1.7596830866179307,,,,,-0.643263447418176,,,,,,,,,,2.643864834977859,-0.25846709262786366,,,,2026-10-02T07:59:59.999000Z,2026-10-02T08:59:59.999000Z
2026-10-02T07:59:59.999000Z,1790927999999,ETHUSDT,0.0060095934299981835,0.0016999720640054061,0.5605373116847432,0.6149584365245877,2.367476104392978,-0.34164369293786395,,,,,-2.025583845643924,,,,,,,,,,2.643864834977859,-0.25846709262786366,,,,2026-10-02T07:59:59.999000Z,2026-10-02T08:59:59.999000Z
2026-10-02T07:59:59.999000Z,1790927999999,SOLUSDT,0.0027111403220505537,0.0016999720640054061,-0.1093551889390181,0.15533924707180086,2.451914945025528,1.0283204148593978,,,,,0.4007841454522504,,,,,,,,,,2.643864834977859,-0.25846709262786366,,,,2026-10-02T07:59:59.999000Z,2026-10-02T08:59:59.999000Z
2026-10-02T07:59:59.999000Z,1790927999999,XRPUSDT,0.0031986422090213296,0.0016999720640054061,0.8199853322581558,1.0735669338159406,2.7467052672185783,-1.0900859623191101,,,,,-0.19933027473635845,,,,,,,,,,2.643864834977859,-0.25846709262786366,,,,2026-10-02T07:59:59.999000Z,2026-10-02T08:59:59.999000Z
2026-10-02T08:59:59.999000Z,1790931599999,ADAUSDT,0.00981932443047917,0.0014845308223943032,-0.4169339458016094,-0.5227381153931373,1.6544498798831213,1.3193927095119495,,,,,1.956190923952529,,,,,,,,,,2.4762213855742865,-0.2558372891478069,,,,2026-10-02T08:59:59.999000Z,2026-10-02T09:59:59.999000Z
2026-10-02T08:59:59.999000Z,1790931599999,AVAXUSDT,0.005135597801603886,0.0014845308223943032,6.068523913694455e-05,-0.41394722594202954,0.11281915900431273,0.2809461060508688,,,,,0.4153357524835788,,,,,,,,,,2.4762213855742865,-0.2558372891478069,,,,2026-10-02T08:59:59.999000Z,2026-10-02T09:59:59.999000Z
2026-10-02T08:59:59.999000Z,1790931599999,BNBUSDT,-0.000990506573361749,0.0014845308223943032,0.2838919067854771,-1.0508342245130258,0.9997567928953922,0.26348403509238527,,,,,-0.5068734615248113,,,,,,,,,,2.4762213855742865,-0.2558372891478069,,,,2026-10-02T08:59:59.999000Z,2026-10-02T09:59:59.999000Z
2026-10-02T08:59:59.999000Z,1790931599999,BTCUSDT,0.0014845308223943032,0.0014845308223943032,0.3044702475560682,-0.9188124613654955,2.4762213855742865,0.2321392394587549,,0.28513387065539597,2.16160738662753,-0.7097727854541803,0.6470672423100681,,,-1.2039648576381332,,-0.8251634444143836,,,,,2.4762213855742865,-0.2558372891478069,,,,2026-10-02T08:59:59.999000Z,2026-10-02T09:59:59.999000Z
2026-10-02T08:59:59.999000Z,1790931599999,DOGEUSDT,-0.001647276845464729,0.0014845308223943032,0.9494974132088788,0.13610531073536922,1.9948819388635262,-2.0323284694636596,,,,,0.06949641003935887,,,,,,,,,,2.4762213855742865,-0.2558372891478069,,,,2026-10-02T08:59:59.999000Z,2026-10-02T09:59:59.999000Z
2026-10-02T08:59:59.999000Z,1790931599999,ETHUSDT,-0.002378583308518478,0.0014845308223943032,1.2172286021440468,0.3168796681005378,2.4777778454447272,-1.5526449419825528,,,,,0.8567975088300852,,,,,,,,,,2.4762213855742865,-0.2558372891478069,,,,2026-10-02T08:59:59.999000Z,2026-10-02T09:59:59.999000Z
2026-10-02T08:59:59.999000Z,1790931599999,SOLUSDT,-0.0022941417451863844,0.0014845308223943032,0.34177736114129603,-1.1572511778887933,2.2576325340418735,-0.14582726822352873,,,,,0.15263969315417603,,,,,,,,,,2.4762213855742865,-0.2558372891478069,,,,2026-10-02T08:59:59.999000Z,2026-10-02T09:59:59.999000Z
2026-10-02T08:59:59.999000Z,1790931599999,XRPUSDT,0.001431546069755374,0.0014845308223943032,0.424488623467739,0.20088504065822588,2.7515073021224024,-0.25885212861655504,,,,,-0.5825653533783614,,,,,,,,,,2.4762213855742865,-0.2558372891478069,,,,2026-10-02T08:59:59.999000Z,2026-10-02T09:59:59.999000Z
2026-10-02T09:59:59.999000Z,1790935199999,ADAUSDT,-0.00388953714507978,-0.0007690702679193917,0.959381802162194,0.6254490262942622,2.1560518923102316,-1.8275554133008554,,,,,0.1691077025847457,,,,,,,,,,2.24038322567755,-0.2630508744521243,,,,2026-10-02T09:59:59.999000Z,2026-10-02T10:59:59.999000Z
2026-10-02T09:59:59.999000Z,1790935199999,AVAXUSDT,-8.963786303350929e-05,-0.0007690702679193917,0.41560909774181004,0.16501028939398116,0.4540166859172169,-0.5375484072940653,,,,,-1.0544754517202106,,,,,,,,,,2.24038322567755,-0.2630508744521243,,,,2026-10-02T09:59:59.999000Z,2026-10-02T10:59:59.999000Z
2026-10-02T09:59:59.999000Z,1790935199999,BNBUSDT,-0.0005923178944386986,-0.0007690702679193917,-0.3268232175078875,-0.3076523378032607,0.39692438578950706,0.6817762001195744,,,,,-0.725564959757669,,,,,,,,,,2.24038322567755,-0.2630508744521243,,,,2026-10-02T09:59:59.999000Z,2026-10-02T10:59:59.999000Z
2026-10-02T09:59:59.999000Z,1790935199999,BTCUSDT,-0.0007690702679193917,-0.0007690702679193917,0.24999815234570105,0.3189544291022585,2.24038322567755,-0.04719189957605606,,0.12955016388044127,2.4459307493260627,0.5842710562592333,-2.7819467716757553,,,-1.1861246314023406,,-0.8167528392144979,,,,,2.24038322567755,-0.2630508744521243,,,,2026-10-02T09:59:59.999000Z,2026-10-02T10:59:59.999000Z
2026-10-02T09:59:59.999000Z,1790935199999,DOGEUSDT,-0.0035062390430030677,-0.0007690702679193917,-0.31609406784207333,0.752162966271376,1.8303525465389805,1.358417239970171,,,,,-0.7522991544149962,,,,,,,,,,2.24038322567755,-0.2630508744521243,,,,2026-10-02T09:59:59.999000Z,2026-10-02T10:59:59.999000Z
2026-10-02T09:59:59.999000Z,1790935199999,ETHUSDT,-0.001350470844754148,-0.0007690702679193917,-0.5860812838403705,0.9933528091119821,1.9503744099078766,1.4827303155501237,,,,,-2.6302171238745284,,,,,,,,,,2.24038322567755,-0.2630508744521243,,,,2026-10-02T09:59:59.999000Z,2026-10-02T10:59:59.999000Z
2026-10-02T09:59:59.999000Z,1790935199999,SOLUSDT,0.001231830500123321,-0.0007690702679193917,-0.4062966203626107,-0.2551545785103705,2.113929977856045,1.4587562421302167,,,,,0.18027600074227837,,,,,,,,,,2.24038322567755,-0.2630508744521243,,,,2026-10-02T09:59:59.999000Z,2026-10-02T10:59:59.999000Z
2026-10-02T09:59:59.999000Z,1790935199999,XRPUSDT,0.0,-0.0007690702679193917,0.15328368691878688,1.0013484236295154,2.5598292286557642,-0.0368631129933019,,,,,0.32500605160029206,,,,,,,,,,2.24038322567755,-0.2630508744521243,,,,2026-10-02T09:59:59.999000Z,2026-10-02T10:59:59.999000Z
2026-10-02T10:59:59.999000Z,1790938799999,ADAUSDT,-0.0035142522452167313,0.0014745485390093016,-0.46385528544260485,0.1921827760776742,1.5931744754766082,0.6352790460538055,,,,,-0.5317528465879541,,,,,,,,,,1.8795911750260164,-0.24301200561664443,,,,2026-10-02T10:59:59.999000Z,2026-10-02T11:59:59.999000Z
2026-10-02T10:59:59.999000Z,1790938799999,AVAXUSDT,-0.0026893769610040197,0.0014745485390093016,-0.06249017507597238,0.07678049133155902,0.5403857801079017,-0.1281343144577203,,,,,0.7821845000481215,,,,,,,,,,1.8795911750260164,-0.24301200561664443,,,,2026-10-02T10:59:59.999000Z,2026-10-02T11:59:59.999000Z
2026-10-02T10:59:59.999000Z,1790938799999,BNBUSDT,0.0023835598788894963,0.0014745485390093016,-0.22179281619243346,-0.4301012281274813,0.10290795853243397,-0.2248009241596627,,,,,0.4583785634511255,,,,,,,,,,1.8795911750260164,-0.24301200561664443,,,,2026-10-02T10:59:59.999000Z,2026-10-02T11:59:59.999000Z
2026-10-02T10:59:59.999000Z,1790938799999,BTCUSDT,0.0014745485390093016,0.0014745485390093016,-0.30391578455001966,0.22519464983777085,1.8795911750260164,-0.11059628953285004,,0.43437869903866344,1.5367309286379485,0.7492188270392253,-1.1090855153222046,,,-1.1690576134881097,,-0.8085952442807809,,,,,1.8795911750260164,-0.24301200561664443,,,,2026-10-02T10:59:59.999000Z,2026-10-02T11:59:59.999000Z
2026-10-02T10:59:59.999000Z,1790938799999,DOGEUSDT,-0.0011383628272793045,0.0014745485390093016,-0.590405173201342,0.4251563609886163,1.207902373866035,1.0787032272102837,,,,,-1.4545620656580431,,,,,,,,,,1.8795911750260164,-0.24301200561664443,,,,2026-10-02T10:59:59.999000Z,2026-10-02T11:59:59.999000Z
2026-10-02T10:59:59.999000Z,1790938799999,ETHUSDT,0.0011481767681922328,0.0014745485390093016,-0.361052276391843,0.4382588423041265,1.328796733403251,0.04705430680297427,,,,,-0.4195448622664497,,,,,,,,,,1.8795911750260164,-0.24301200561664443,,,,2026-10-02T10:59:59.999000Z,2026-10-02T11:59:59.999000Z
2026-10-02T10:59:59.999000Z,1790938799999,SOLUSDT,-0.0008202099737533164,0.0014745485390093016,0.12475740665072198,-0.051285518746855586,1.9376035699527523,-0.9681482578689593,,,,,-0.8083100423321777,,,,,,,,,,1.8795911750260164,-0.24301200561664443,,,,2026-10-02T10:59:59.999000Z,2026-10-02T11:59:59.999000Z
2026-10-02T10:59:59.999000Z,1790938799999,XRPUSDT,-0.004613385315139662,0.0014745485390093016,-0.06658220305232872,0.6716825980792551,2.2485230243404497,-0.3430478434094165,,,,,-0.7387866487600905,,,,,,,,,,1.8795911750260164,-0.24301200561664443,,,,2026-10-02T10:59:59.999000Z,2026-10-02T11:59:59.999000Z
2026-10-02T11:59:59.999000Z,1790942399999,ADAUSDT,0.007053291536050166,0.004456472877881756,-0.4216112627894348,-0.2162050142226949,1.116455236337198,0.5809324146336691,,,,,-0.8648813497534324,,,,,,,,,,1.9949911938352693,-0.262666100752536,,,,2026-10-02T11:59:59.999000Z,2026-10-02T12:59:59.999000Z
2026-10-02T11:59:59.999000Z,1790942399999,AVAXUSDT,0.010696629213483133,0.004456472877881756,-0.3000590405303587,-0.014273375476063938,0.3941700331071516,0.2760010608865002,,,,,0.3528544709766913,,,,,,,,,,1.9949911938352693,-0.262666100752536,,,,2026-10-02T11:59:59.999000Z,2026-10-02T12:59:59.999000Z
2026-10-02T11:59:59.999000Z,1790942399999,BNBUSDT,0.004293059125964005,0.004456472877881756,0.5527837660794632,0.1400812121254681,0.4009893263836543,-1.1186305445878104,,,,,1.011456728963282,,,,,,,,,,1.9949911938352693,-0.262666100752536,,,,2026-10-02T11:59:59.999000Z,2026-10-02T12:59:59.999000Z
2026-10-02T11:59:59.999000Z,1790942399999,BTCUSDT,0.004456472877881756,0.004456472877881756,0.2510802809004388,0.27223405971772374,1.9949911938352693,-0.823682588741269,,0.09512864616670146,1.173632280152558,0.7260840834232162,-0.8344333696139741,,,-1.1527094576444716,,-0.8006781992799273,,,,,1.9949911938352693,-0.262666100752536,,,,2026-10-02T11:59:59.999000Z,2026-10-02T12:59:59.999000Z
2026-10-02T11:59:59.999000Z,1790942399999,DOGEUSDT,0.006630750103605587,0.004456472877881756,-0.23186910109858655,-0.12671436256793514,0.9621425677987528,0.06826992957222675,,,,,-0.3854113063448511,,,,,,,,,,1.9949911938352693,-0.262666100752536,,,,2026-10-02T11:59:59.999000Z,2026-10-02T12:59:59.999000Z
2026-10-02T11:59:59.999000Z,1790942399999,ETHUSDT,0.0031129056334489036,0.004456472877881756,0.18158751326391337,0.2272364296173811,1.239491161884263,-0.9206325461710945,,,,,-0.5162957865339098,,,,,,,,,,1.9949911938352693,-0.262666100752536,,,,2026-10-02T11:59:59.999000Z,2026-10-02T12:59:59.999000Z
2026-10-02T11:59:59.999000Z,1790942399999,SOLUSDT,0.006074536200952219,0.004456472877881756,-0.1854977524539205,-0.0930836957830612,1.8402064296084166,-0.0676948825077221,,,,,0.3634372611487997,,,,,,,,,,1.9949911938352693,-0.262666100752536,,,,2026-10-02T11:59:59.999000Z,2026-10-02T12:59:59.999000Z
2026-10-02T11:59:59.999000Z,1790942399999,XRPUSDT,0.00665839806775903,0.004456472877881756,-0.7733175229575999,-0.14781196771224778,1.8429311541590077,1.1058909701651565,,,,,1.144171609935156,,,,,,,,,,1.9949911938352693,-0.262666100752536,,,,2026-10-02T11:59:59.999000Z,2026-10-02T12:59:59.999000Z
2026-10-02T12:59:59.999000Z,1790945999999,ADAUSDT,-0.005836575875486361,-0.0028216795300080033,0.6830834838624329,0.367016961162105,1.756124983918489,-0.18490983546488646,,,,,0.7854333064027558,,,,,,,,,,2.4323201688940475,-0.2729969548998788,,,,2026-10-02T12:59:59.999000Z,2026-10-02T13:59:59.999000Z
2026-10-02T12:59:59.999000Z,1790945999999,AVAXUSDT,-0.012451085023123531,-0.0028216795300080033,0.9297354867429636,0.381718936032622,0.8742375670865015,-0.6528180873126186,,,,,0.5442508912058227,,,,,,,,,,2.4323201688940475,-0.2729969548998788,,,,2026-10-02T12:59:59.999000Z,2026-10-02T13:59:59.999000Z
2026-10-02T12:59:59.999000Z,1790945999999,BNBUSDT,-0.0007807100622008178,-0.0028216795300080033,1.0415504182523254,0.5723231528667181,1.3067689998370415,0.542194022924931,,,,,0.620719063789108,,,,,,,,,,2.4323201688940475,-0.2729969548998788,,,,2026-10-02T12:59:59.999000Z,2026-10-02T13:59:59.999000Z
2026-10-02T12:59:59.999000Z,1790945999999,BTCUSDT,-0.0028216795300080033,-0.0028216795300080033,0.9833866839746157,0.6534257495109499,2.4323201688940475,0.5908109881431786,,0.3974127522806904,1.6657811972918615,-0.3786896810727666,1.1735158602859166,,,-1.1370310205965615,,-0.7929900872199441,,,,,2.4323201688940475,-0.2729969548998788,,,,2026-10-02T12:59:59.999000Z,2026-10-02T13:59:59.999000Z
2026-10-02T12:59:59.999000Z,1790945999999,DOGEUSDT,-0.005557842733635243,-0.0028216795300080033,0.9358805928732326,-0.14224020775724922,1.7840745191770562,-0.2398657650094167,,,,,1.2924786256859107,,,,,,,,,,2.4323201688940475,-0.2729969548998788,,,,2026-10-02T12:59:59.999000Z,2026-10-02T13:59:59.999000Z
2026-10-02T12:59:59.999000Z,1790945999999,ETHUSDT,-0.003865446177745091,-0.0028216795300080033,0.6067304411753491,-0.12219919673864328,2.0440226622521824,1.1987301558095982,,,,,0.1203108072843635,,,,,,,,,,2.4323201688940475,-0.2729969548998788,,,,2026-10-02T12:59:59.999000Z,2026-10-02T13:59:59.999000Z
2026-10-02T12:59:59.999000Z,1790945999999,SOLUSDT,-0.004079634464752013,-0.0028216795300080033,0.8580424040096357,0.19638702561898153,2.398635521950738,0.01383910503572266,,,,,0.32565818825327564,,,,,,,,,,2.4323201688940475,-0.2729969548998788,,,,2026-10-02T12:59:59.999000Z,2026-10-02T13:59:59.999000Z
2026-10-02T12:59:59.999000Z,1790945999999,XRPUSDT,-0.006679203683289003,-0.0028216795300080033,0.9648001033718113,0.12414653431516191,2.4665855364536124,-0.17561429427397005,,,,,-0.6111029067854983,,,,,,,,,,2.4323201688940475,-0.2729969548998788,,,,2026-10-02T12:59:59.999000Z,2026-10-02T13:59:59.999000Z
2026-10-02T13:59:59.999000Z,1790949599999,ADAUSDT,-0.012524461839530265,-0.010144047742131623,-0.6703073750201094,-0.49869239161324436,1.3702591297461633,0.14923058546170162,,,,,0.2838209573968043,,,,,,,,,,1.8982508840690222,-0.1679712227407999,,,,2026-10-02T13:59:59.999000Z,2026-10-02T14:59:59.999000Z
2026-10-02T13:59:59.999000Z,1790949599999,AVAXUSDT,-0.002521613832852876,-0.010144047742131623,-1.1990373883004126,-0.3141518442443344,0.4699735223657557,1.0862139750800772,,,,,-0.13291905539563476,,,,,,,,,,1.8982508840690222,-0.1679712227407999,,,,2026-10-02T13:59:59.999000Z,2026-10-02T14:59:59.999000Z
2026-10-02T13:59:59.999000Z,1790949599999,BNBUSDT,-0.006737284336454374,-0.010144047742131623,-0.2895372249291485,0.5990773067340045,0.8432851878862868,-1.4644004967815798,,,,,0.14089062227650717,,,,,,,,,,1.8982508840690222,-0.1679712227407999,,,,2026-10-02T13:59:59.999000Z,2026-10-02T14:59:59.999000Z
2026-10-02T13:59:59.999000Z,1790949599999,BTCUSDT,-0.010144047742131623,-0.010144047742131623,-0.824581078452569,0.04462073647357498,1.8982508840690222,-0.8229199723031643,,0.23608606766400095,1.1255880512267855,-1.209573530561917,-1.1814746372577818,,,-1.1219777386388126,,-0.7855200624212946,,,,,1.8982508840690222,-0.1679712227407999,,,,2026-10-02T13:59:59.999000Z,2026-10-02T14:59:59.999000Z
2026-10-02T13:59:59.999000Z,1790949599999,DOGEUSDT,-0.012419788863589298,-0.010144047742131623,-0.9042727644298199,-0.44803487076001824,1.1813747100037386,0.13140582039898585,,,,,-0.2582879353660802,,,,,,,,,,1.8982508840690222,-0.1679712227407999,,,,2026-10-02T13:59:59.999000Z,2026-10-02T14:59:59.999000Z
2026-10-02T13:59:59.999000Z,1790949599999,ETHUSDT,-0.012665192218704213,-0.010144047742131623,-0.9167207811966469,-0.30205906689954964,1.4031396706885157,-0.6257533535235652,,,,,-0.3761525118594753,,,,,,,,,,1.8982508840690222,-0.1679712227407999,,,,2026-10-02T13:59:59.999000Z,2026-10-02T14:59:59.999000Z
2026-10-02T13:59:59.999000Z,1790949599999,SOLUSDT,-0.011633622808454924,-0.010144047742131623,-0.6884484015817478,0.03957247820431128,1.7735153107172903,-0.49027596318562244,,,,,-0.6290513609648736,,,,,,,,,,1.8982508840690222,-0.1679712227407999,,,,2026-10-02T13:59:59.999000Z,2026-10-02T14:59:59.999000Z
2026-10-02T13:59:59.999000Z,1790949599999,XRPUSDT,-0.012142577359968598,-0.010144047742131623,-1.091579545374641,-0.5185273953640738,1.7907054348223592,0.4255095122313993,,,,,-1.3730664213034425,,,,,,,,,,1.8982508840690222,-0.1679712227407999,,,,2026-10-02T13:59:59.999000Z,2026-10-02T14:59:59.999000Z
2026-10-02T14:59:59.999000Z,1790953199999,ADAUSDT,-0.0011890606420927874,-0.0042121943218177416,-1.3548277596593652,-0.9680729367760313,1.2522518465815418,0.5577856541293026,,,,,-2.0772943741229764,,,,,,,,,,0.9102485528421858,0.5383307096379152,,,,2026-10-02T14:59:59.999000Z,2026-10-02T15:59:59.999000Z
2026-10-02T14:59:59.999000Z,1790953199999,AVAXUSDT,0.003972553268327905,-0.0042121943218177416,-0.2790997484232918,-0.40714858568315615,0.493089026827254,-1.0974559791245508,,,,,-2.431758127490648,,,,,,,,,,0.9102485528421858,0.5383307096379152,,,,2026-10-02T14:59:59.999000Z,2026-10-02T15:59:59.999000Z
2026-10-02T14:59:59.999000Z,1790953199999,BNBUSDT,-0.002591976478780622,-0.0042121943218177416,-1.8155595803094358,-0.33221374076979426,0.529337704551798,-1.0924032874969232,,,,,0.25494081782268296,,,,,,,,,,0.9102485528421858,0.5383307096379152,,,,2026-10-02T14:59:59.999000Z,2026-10-02T15:59:59.999000Z
2026-10-02T14:59:59.999000Z,1790953199999,BTCUSDT,-0.0042121943218177416,-0.0042121943218177416,-2.536837149855635,-1.2653403420734475,0.9102485528421858,0.03896560351781561,,0.29119387873394004,0.5851854967737135,-1.1737060518198557,-2.0555895567672504,,,-1.1075090931518332,,-0.7782579858685034,,,,,0.9102485528421858,0.5383307096379152,,,,2026-10-02T14:59:59.999000Z,2026-10-02T15:59:59.999000Z
2026-10-02T14:59:59.999000Z,1790953199999,DOGEUSDT,-0.003143994969608155,-0.0042121943218177416,-1.8938642216905248,-1.1384783318381742,0.6542320076592928,1.0554229251477993,,,,,-1.6117680539495316,,,,,,,,,,0.9102485528421858,0.5383307096379152,,,,2026-10-02T14:59:59.999000Z,2026-10-02T15:59:59.999000Z
2026-10-02T14:59:59.999000Z,1790953199999,ETHUSDT,-0.004579724478461222,-0.0042121943218177416,-2.7091183831963246,-1.6517436068390279,0.35825102610985415,1.013809084814719,,,,,-2.7630409781973015,,,,,,,,,,0.9102485528421858,0.5383307096379152,,,,2026-10-02T14:59:59.999000Z,2026-10-02T15:59:59.999000Z
2026-10-02T14:59:59.999000Z,1790953199999,SOLUSDT,-0.005470822281167131,-0.0042121943218177416,-1.800597802722505,-1.0753609847355514,1.3474103776526825,0.6329464885774048,,,,,-0.5855518449380446,,,,,,,,,,0.9102485528421858,0.5383307096379152,,,,2026-10-02T14:59:59.999000Z,2026-10-02T15:59:59.999000Z
2026-10-02T14:59:59.999000Z,1790953199999,XRPUSDT,-0.004163362410785187,-0.0042121943218177416,-1.886317669467378,-1.4562982485299811,1.2505092629575736,0.6141079593871699,,,,,-1.6403525435216173,,,,,,,,,,0.9102485528421858,0.5383307096379152,,,,2026-10-02T14:59:59.999000Z,2026-10-02T15:59:59.999000Z
2026-10-02T15:59:59.999000Z,1790956799999,ADAUSDT,0.0011904761904761862,-0.0019453624920892088,-0.16085048376401984,-0.8312374939025841,0.8382783968224815,-0.31688147708643716,,,,,-0.658066138227868,,,,,,,,,,0.4396852734136856,0.6551917216164359,,,,2026-10-02T15:59:59.999000Z,2026-10-02T16:59:59.999000Z
2026-10-02T15:59:59.999000Z,1790956799999,AVAXUSDT,-0.0025179856115106203,-0.0019453624920892088,0.3226599061406304,-0.1423037232059073,0.708317089700806,-0.9483975137069658,,,,,-2.4530469626632274,,,,,,,,,,0.4396852734136856,0.6551917216164359,,,,2026-10-02T15:59:59.999000Z,2026-10-02T16:59:59.999000Z
2026-10-02T15:59:59.999000Z,1790956799999,BNBUSDT,0.0005430145062446101,-0.0019453624920892088,-0.7293978942662075,-1.0713142296843852,0.3203300206452956,-0.042582330032788614,,,,,0.5229329360972252,,,,,,,,,,0.4396852734136856,0.6551917216164359,,,,2026-10-02T15:59:59.999000Z,2026-10-02T16:59:59.999000Z
2026-10-02T15:59:59.999000Z,1790956799999,BTCUSDT,-0.0019453624920892088,-0.0019453624920892088,-1.089307316588185,-1.997303694181828,0.4396852734136856,0.556728940963552,,-0.058457035564145984,0.8925976323534328,-1.0637232909997953,-0.9462224005105094,,,-1.093588150430925,,-0.771194367064762,,,,,0.4396852734136856,0.6551917216164359,,,,2026-10-02T15:59:59.999000Z,2026-10-02T16:59:59.999000Z
2026-10-02T15:59:59.999000Z,1790956799999,DOGEUSDT,-0.001261564339781307,-0.0019453624920892088,-0.5031249883997323,-1.2748964009895971,0.2888512963554045,0.1977553242596826,,,,,-0.008187801704155829,,,,,,,,,,0.4396852734136856,0.6551917216164359,,,,2026-10-02T15:59:59.999000Z,2026-10-02T16:59:59.999000Z
2026-10-02T15:59:59.999000Z,1790956799999,ETHUSDT,-0.0026989352552125867,-0.0019453624920892088,-0.988638066070004,-2.250598138145473,0.16739504149290188,0.7323947430637087,,,,,-1.7254137083464434,,,,,,,,,,0.4396852734136856,0.6551917216164359,,,,2026-10-02T15:59:59.999000Z,2026-10-02T16:59:59.999000Z
2026-10-02T15:59:59.999000Z,1790956799999,SOLUSDT,-0.00016669444907491116,-0.0019453624920892088,-0.859603618203141,-1.450988099546914,1.0114047189737434,1.14450043302422,,,,,-0.4307220672417881,,,,,,,,,,0.4396852734136856,0.6551917216164359,,,,2026-10-02T15:59:59.999000Z,2026-10-02T16:59:59.999000Z
2026-10-02T15:59:59.999000Z,1790956799999,XRPUSDT,-0.002322649147255884,-0.0019453624920892088,-0.6628039180897388,-1.3957570079391457,0.7363196637859838,0.43889812693304353,,,,,-0.14064056235116507,,,,,,,,,,0.4396852734136856,0.6551917216164359,,,,2026-10-02T15:59:59.999000Z,2026-10-02T16:59:59.999000Z
2026-10-02T16:59:59.999000Z,1790960399999,ADAUSDT,-0.0083234244946494,-0.004523954377177675,0.09050516341993112,-1.137143155116512,1.2178046603484707,-0.5059380411575674,,,,,0.1783101757382405,,,,,,,,,,0.2344344841900202,0.6792766018944375,,,,2026-10-02T16:59:59.999000Z,2026-10-02T17:59:59.999000Z
2026-10-02T16:59:59.999000Z,1790960399999,AVAXUSDT,-0.003696357735304745,-0.004523954377177675,-0.282247240726166,-0.6599365969649962,0.9730433516527122,0.24213346820277912,,,,,1.5460732032512705,,,,,,,,,,0.2344344841900202,0.6792766018944375,,,,2026-10-02T16:59:59.999000Z,2026-10-02T17:59:59.999000Z
2026-10-02T16:59:59.999000Z,1790960399999,BNBUSDT,-0.00018090660050651408,-0.004523954377177675,0.08884178498896453,-1.5996896573048485,0.26816157639843063,-0.556517459963018,,,,,0.5798438085580462,,,,,,,,,,0.2344344841900202,0.6792766018944375,,,,2026-10-02T16:59:59.999000Z,2026-10-02T17:59:59.999000Z
2026-10-02T16:59:59.999000Z,1790960399999,BTCUSDT,-0.004523954377177675,-0.004523954377177675,-0.5381621397033606,-2.720673260640021,0.2344344841900202,0.2947030900278807,,0.33242895357742025,1.408759219510361,-1.1557422758536517,-0.20377094593190978,,,-1.0801811639194216,,-0.7643203116302868,,,,,0.2344344841900202,0.6792766018944375,,,,2026-10-02T16:59:59.999000Z,2026-10-02T17:59:59.999000Z
2026-10-02T16:59:59.999000Z,1790960399999,DOGEUSDT,-0.005157894736842139,-0.004523954377177675,-0.21909473728467954,-1.8344990728933372,0.6193709605768453,0.031062156882519114,,,,,0.7085118267395749,,,,,,,,,,0.2344344841900202,0.6792766018944375,,,,2026-10-02T16:59:59.999000Z,2026-10-02T17:59:59.999000Z
2026-10-02T16:59:59.999000Z,1790960399999,ETHUSDT,-0.0020780051150895984,-0.004523954377177675,-0.5865577639191453,-2.768770033268551,-0.02208559543494543,0.5791594558931321,,,,,-0.08592726442741706,,,,,,,,,,0.2344344841900202,0.6792766018944375,,,,2026-10-02T16:59:59.999000Z,2026-10-02T17:59:59.999000Z
2026-10-02T16:59:59.999000Z,1790960399999,SOLUSDT,-0.0022507502500833665,-0.004523954377177675,-0.05570582379014759,-1.9262602938957378,1.1014341466718451,-0.4262380917153468,,,,,-0.251233295250917,,,,,,,,,,0.2344344841900202,0.6792766018944375,,,,2026-10-02T16:59:59.999000Z,2026-10-02T17:59:59.999000Z
2026-10-02T16:59:59.999000Z,1790960399999,XRPUSDT,-0.003658374351470095,-0.004523954377177675,-0.3784505281194553,-2.024098793932588,0.8316548225326532,0.3379359975114683,,,,,-0.4467510610644793,,,,,,,,,,0.2344344841900202,0.6792766018944375,,,,2026-10-02T16:59:59.999000Z,2026-10-02T17:59:59.999000Z
2026-10-02T17:59:59.999000Z,1790963999999,ADAUSDT,-0.042765787370103836,-0.006048263191575365,-0.912786704097429,-1.2549862500180857,-0.44278254543243606,1.0499372601311328,,,,,-2.3939188503692552,,,,,,,,,,-0.8392746261618562,0.43981254813100434,,,,2026-10-02T17:59:59.999000Z,2026-10-02T18:59:59.999000Z
2026-10-02T17:59:59.999000Z,1790963999999,AVAXUSDT,-0.04144421319337621,-0.006048263191575365,-0.39043963115487484,-0.30666669564634386,0.3892597082032005,0.03144756912516345,,,,,-0.6195911003215546,,,,,,,,,,-0.8392746261618562,0.43981254813100434,,,,2026-10-02T17:59:59.999000Z,2026-10-02T18:59:59.999000Z
2026-10-02T17:59:59.999000Z,1790963999999,BNBUSDT,-0.012420192829632692,-0.006048263191575365,-0.10073757139174705,-1.4819059953943776,-0.7888358012170914,-1.143022645084695,,,,,-0.8512539875446989,,,,,,,,,,-0.8392746261618562,0.43981254813100434,,,,2026-10-02T17:59:59.999000Z,2026-10-02T18:59:59.999000Z
2026-10-02T17:59:59.999000Z,1790963999999,BTCUSDT,-0.006048263191575365,-0.006048263191575365,-1.1478840687874698,-2.787463875672426,-0.8392746261618562,0.2902377063558705,,0.5308901124965529,1.7937742253729008,-0.18033852416758434,-1.4826730565562203,,,-1.0672572290844964,,-0.7576274739856553,,,,,-0.8392746261618562,0.43981254813100434,,,,2026-10-02T17:59:59.999000Z,2026-10-02T18:59:59.999000Z
2026-10-02T17:59:59.999000Z,1790963999999,DOGEUSDT,-0.036186646915670195,-0.006048263191575365,-0.8000673134916948,-1.7601821561681148,-0.7087154175928674,0.6395895819558635,,,,,0.22718637171497894,,,,,,,,,,-0.8392746261618562,0.43981254813100434,,,,2026-10-02T17:59:59.999000Z,2026-10-02T18:59:59.999000Z
2026-10-02T17:59:59.999000Z,1790963999999,ETHUSDT,-0.007267674679361735,-0.006048263191575365,-0.45174076859923307,-2.461570924719906,-1.0402306784424242,-0.7601107880894945,,,,,-0.8411716379899091,,,,,,,,,,-0.8392746261618562,0.43981254813100434,,,,2026-10-02T17:59:59.999000Z,2026-10-02T18:59:59.999000Z
2026-10-02T17:59:59.999000Z,1790963999999,SOLUSDT,-0.012950121146294569,-0.006048263191575365,-0.3708947343011203,-1.7306399863856203,0.3701053684368422,-0.6313341407984543,,,,,0.3096269292709841,,,,,,,,,,-0.8392746261618562,0.43981254813100434,,,,2026-10-02T17:59:59.999000Z,2026-10-02T18:59:59.999000Z
2026-10-02T17:59:59.999000Z,1790963999999,XRPUSDT,-0.022431403965551877,-0.006048263191575365,-0.5796468697329646,-1.7514429643951666,-0.30260174610032264,-0.05501682682445833,,,,,0.5130294301641053,,,,,,,,,,-0.8392746261618562,0.43981254813100434,,,,2026-10-02T17:59:59.999000Z,2026-10-02T18:59:59.999000Z
2026-10-02T18:59:59.999000Z,1790967599999,ADAUSDT,0.00041753653444676075,0.0006321947458884924,-4.099385983185732,-2.7723914263381655,-2.2647264659641535,4.078547543520165,,,,,-0.8174092505259766,,,,,,,,,,-1.218863714611223,0.6136298993551584,,,,2026-10-02T18:59:59.999000Z,2026-10-02T19:59:59.999000Z
2026-10-02T18:59:59.999000Z,1790967599999,AVAXUSDT,0.0001888039271218389,0.0006321947458884924,-3.6269638365004044,-1.8274675744686544,-0.9963921486350041,2.7196456865467713,,,,,-1.5489325106419656,,,,,,,,,,-1.218863714611223,0.6136298993551584,,,,2026-10-02T18:59:59.999000Z,2026-10-02T19:59:59.999000Z
2026-10-02T18:59:59.999000Z,1790967599999,BNBUSDT,0.002813657361967259,0.0006321947458884924,-3.1259839598773036,-2.2446942333730067,-1.9777496932949228,-3.1050630168803695,,,,,-1.2223715423365307,,,,,,,,,,-1.218863714611223,0.6136298993551584,,,,2026-10-02T18:59:59.999000Z,2026-10-02T19:59:59.999000Z
2026-10-02T18:59:59.999000Z,1790967599999,BTCUSDT,0.0006321947458884924,0.0006321947458884924,-1.4891575529382866,-2.1940665166750097,-1.218863714611223,-4.96701103469702,,0.4515950908138023,0.43448994581989425,0.9744457520146087,-1.326082364555253,,,-1.05478798289554,,-0.7511080145470241,,,,,-1.218863714611223,0.6136298993551584,,,,2026-10-02T18:59:59.999000Z,2026-10-02T19:59:59.999000Z
2026-10-02T18:59:59.999000Z,1790967599999,DOGEUSDT,0.004391261389834256,0.0006321947458884924,-4.722380225965049,-3.3085629056048145,-3.2117108469574562,5.217949156542236,,,,,-0.03561372249623486,,,,,,,,,,-1.218863714611223,0.6136298993551584,,,,2026-10-02T18:59:59.999000Z,2026-10-02T19:59:59.999000Z
2026-10-02T18:59:59.999000Z,1790967599999,ETHUSDT,0.0011482262531050669,0.0006321947458884924,-1.528643556112673,-1.8268726409083207,-1.7234266283348074,-5.3514549173238946,,,,,-1.1033625416464372,,,,,,,,,,-1.218863714611223,0.6136298993551584,,,,2026-10-02T18:59:59.999000Z,2026-10-02T19:59:59.999000Z
2026-10-02T18:59:59.999000Z,1790967599999,SOLUSDT,-0.0011850347045877507,0.0006321947458884924,-1.95436696040713,-1.7954474424597462,-0.3887877493637118,-3.7372999946360745,,,,,-1.9263950825485159,,,,,,,,,,-1.218863714611223,0.6136298993551584,,,,2026-10-02T18:59:59.999000Z,2026-10-02T19:59:59.999000Z
2026-10-02T18:59:59.999000Z,1790967599999,XRPUSDT,0.003892644949805346,0.0006321947458884924,-3.246780079024526,-2.4265892463684238,-1.8524468823962432,-0.1121237346200253,,,,,0.3254569679705163,,,,,,,,,,-1.218863714611223,0.6136298993551584,,,,2026-10-02T18:59:59.999000Z,2026-10-02T19:59:59.999000Z
2026-10-02T19:59:59.999000Z,1790971199999,ADAUSDT,-0.0025041736227046085,0.00170502902913916,0.06254119380690379,-2.5708755799756005,-2.0573899679880516,0.19293018289917785,,,,,0.7729024577851478,,,,,,,,,,-1.0260733908341375,0.6025967011958678,,,,2026-10-02T19:59:59.999000Z,2026-10-02T20:59:59.999000Z
2026-10-02T19:59:59.999000Z,1790971199999,AVAXUSDT,-0.004813591316658816,0.00170502902913916,0.018754644230368742,-1.917541968016363,-0.9740802768289614,0.19917339405255316,,,,,2.445070732012481,,,,,,,,,,-1.0260733908341375,0.6025967011958678,,,,2026-10-02T19:59:59.999000Z,2026-10-02T20:59:59.999000Z
2026-10-02T19:59:59.999000Z,1790971199999,BNBUSDT,-0.002844913086600176,0.00170502902913916,0.6840936647911395,-1.4416302439840216,-1.4378905070694263,-0.35100993369140826,,,,,-0.5691491907265829,,,,,,,,,,-1.0260733908341375,0.6025967011958678,,,,2026-10-02T19:59:59.999000Z,2026-10-02T20:59:59.999000Z
2026-10-02T19:59:59.999000Z,1790971199999,BTCUSDT,0.00170502902913916,0.00170502902913916,0.11484696405083161,-1.567521561019384,-1.0260733908341375,0.336130316709181,,0.34933018903807705,0.450903767443378,0.1286345069054178,-0.5682736569649184,,,-1.0427473412505759,,-0.7447545609333882,,,,,-1.0260733908341375,0.6025967011958678,,,,2026-10-02T19:59:59.999000Z,2026-10-02T20:59:59.999000Z
2026-10-02T19:59:59.999000Z,1790971199999,DOGEUSDT,-0.002186031260247079,0.00170502902913916,0.6089091923083552,-2.6571676016792,-2.6332696113139016,-1.1882907345146045,,,,,1.1341713460138274,,,,,,,,,,-1.0260733908341375,0.6025967011958678,,,,2026-10-02T19:59:59.999000Z,2026-10-02T20:59:59.999000Z
2026-10-02T19:59:59.999000Z,1790971199999,ETHUSDT,-0.0023612839387715523,0.00170502902913916,0.2498231483696631,-1.1973489434032851,-1.5755336303685399,0.1420937516040433,,,,,-0.4387536988733321,,,,,,,,,,-1.0260733908341375,0.6025967011958678,,,,2026-10-02T19:59:59.999000Z,2026-10-02T20:59:59.999000Z
2026-10-02T19:59:59.999000Z,1790971199999,SOLUSDT,-0.001949152542372934,0.00170502902913916,-0.18131101655777637,-1.4187014917577212,-0.41443793116808986,1.0750604343620043,,,,,0.390484566504462,,,,,,,,,,-1.0260733908341375,0.6025967011958678,,,,2026-10-02T19:59:59.999000Z,2026-10-02T20:59:59.999000Z
2026-10-02T19:59:59.999000Z,1790971199999,XRPUSDT,0.0015646258503401178,0.00170502902913916,0.58585987803564,-1.8007910134357938,-1.5474158126540283,-0.7723281221644507,,,,,1.3330067801449863,,,,,,,,,,-1.0260733908341375,0.6025967011958678,,,,2026-10-02T19:59:59.999000Z,2026-10-02T20:59:59.999000Z
2026-10-02T20:59:59.999000Z,1790974799999,ADAUSDT,0.008786610878661172,0.0008601802719994112,-0.2193945805893966,-2.6258634548886555,-1.9496631885348663,0.1325788084008749,,,,,-0.7027756529414982,,,,,,,,,,-0.8330051102551034,0.613486439211184,,,,2026-10-02T20:59:59.999000Z,2026-10-02T21:59:59.999000Z
2026-10-02T20:59:59.999000Z,1790974799999,AVAXUSDT,0.012993171471927134,0.0008601802719994112,-0.41907798539287633,-1.948360885862618,-1.1048625539523635,0.45682582938039296,,,,,2.612963182100231,,,,,,,,,,-0.8330051102551034,0.613486439211184,,,,2026-10-02T20:59:59.999000Z,2026-10-02T21:59:59.999000Z
2026-10-02T20:59:59.999000Z,1790974799999,BNBUSDT,0.0028137678314357206,0.0008601802719994112,-0.73124766557359,-1.876704878087088,-1.817499060021554,0.39909314842717214,,,,,1.671915611055744,,,,,,,,,,-0.8330051102551034,0.613486439211184,,,,2026-10-02T20:59:59.999000Z,2026-10-02T21:59:59.999000Z
2026-10-02T20:59:59.999000Z,1790974799999,BTCUSDT,0.0008601802719994112,0.0008601802719994112,0.37166459705711097,-1.1080198440679003,-0.8330051102551034,-0.9554816412934001,,0.1774117262926785,0.6634607548715873,-0.11721175083009454,0.3289984327316478,,,-1.0311112688135167,,-0.738560172748864,,,,,-0.8330051102551034,0.613486439211184,,,,2026-10-02T20:59:59.999000Z,2026-10-02T21:59:59.999000Z
2026-10-02T20:59:59.999000Z,1790974799999,DOGEUSDT,0.009310986964618184,0.0008601802719994112,-0.25753122387511684,-2.5968874474325236,-2.4472447270855184,0.12996795124201704,,,,,1.4121919564613106,,,,,,,,,,-0.8330051102551034,0.613486439211184,,,,2026-10-02T20:59:59.999000Z,2026-10-02T21:59:59.999000Z
2026-10-02T20:59:59.999000Z,1790974799999,ETHUSDT,0.0013938250918572592,0.0008601802719994112,-0.4929764556738881,-1.1459795461051736,-1.6946853045577202,0.24495347126225014,,,,,-0.9212677895683838,,,,,,,,,,-0.8330051102551034,0.613486439211184,,,,2026-10-02T20:59:59.999000Z,2026-10-02T21:59:59.999000Z
2026-10-02T20:59:59.999000Z,1790974799999,SOLUSDT,0.0038210070476352165,0.0008601802719994112,-0.2952800475021532,-1.534062564324867,-0.4402075641554155,0.12774456382628124,,,,,0.6866134610520707,,,,,,,,,,-0.8330051102551034,0.613486439211184,,,,2026-10-02T20:59:59.999000Z,2026-10-02T21:59:59.999000Z
2026-10-02T20:59:59.999000Z,1790974799999,XRPUSDT,0.0028526794810839196,0.0008601802719994112,0.24388315720786033,-1.4946698204620252,-1.297696797742769,-1.0417940304793938,,,,,1.4582102291821588,,,,,,,,,,-0.8330051102551034,0.613486439211184,,,,2026-10-02T20:59:59.999000Z,2026-10-02T21:59:59.999000Z
2026-10-02T21:59:59.999000Z,1790978399999,ADAUSDT,0.004147656574035707,0.00033490398689539624,0.8723549462806949,-1.7699307980130916,-1.0544349858974673,-0.7442067471605377,,,,,0.9287131826241295,,,,,,,,,,-0.6660501083932466,0.6062973947542549,,,,2026-10-02T21:59:59.999000Z,2026-10-02T22:59:59.999000Z
2026-10-02T21:59:59.999000Z,1790978399999,AVAXUSDT,0.0038385918921448603,0.00033490398689539624,1.1417192914649468,-1.3142160065099957,-0.505943846737044,-1.1050971218181176,,,,,1.7810538589192428,,,,,,,,,,-0.6660501083932466,0.6062973947542549,,,,2026-10-02T21:59:59.999000Z,2026-10-02T22:59:59.999000Z
2026-10-02T21:59:59.999000Z,1790978399999,BNBUSDT,0.0006525285481240317,0.00033490398689539624,0.6884016578060322,-1.4305573103984655,-1.4801035096157675,0.814671787417496,,,,,1.68069764653356,,,,,,,,,,-0.6660501083932466,0.6062973947542549,,,,2026-10-02T21:59:59.999000Z,2026-10-02T22:59:59.999000Z
2026-10-02T21:59:59.999000Z,1790978399999,BTCUSDT,0.00033490398689539624,0.00033490398689539624,0.1657240987636987,-0.4449901667807397,-0.6660501083932466,1.4142026234462424,,0.03684067899118267,-0.0432978489887854,-0.9528404034566788,0.13194110351658558,,,-1.0198575766393174,,-0.732518309557007,,,,,-0.6660501083932466,0.6062973947542549,,,,2026-10-02T21:59:59.999000Z,2026-10-02T22:59:59.999000Z
2026-10-02T21:59:59.999000Z,1790978399999,DOGEUSDT,0.0032559149120903186,0.00033490398689539624,1.249820325944724,-1.6263153907822139,-1.4368640705997187,-1.5991283096334918,,,,,1.7994963153692014,,,,,,,,,,-0.6660501083932466,0.6062973947542549,,,,2026-10-02T21:59:59.999000Z,2026-10-02T22:59:59.999000Z
2026-10-02T21:59:59.999000Z,1790978399999,ETHUSDT,0.0009604381999288591,0.00033490398689539624,0.30691415027373004,-0.76817681350498,-1.3288215471029075,1.3725316244965475,,,,,-0.3412372828485911,,,,,,,,,,-0.6660501083932466,0.6062973947542549,,,,2026-10-02T21:59:59.999000Z,2026-10-02T22:59:59.999000Z
2026-10-02T21:59:59.999000Z,1790978399999,SOLUSDT,0.002537641684994041,0.00033490398689539624,0.5787541151691661,-1.031053387994398,0.018757052031594595,0.6123251504888695,,,,,1.1769263424049725,,,,,,,,,,-0.6660501083932466,0.6062973947542549,,,,2026-10-02T21:59:59.999000Z,2026-10-02T22:59:59.999000Z
2026-10-02T21:59:59.999000Z,1790978399999,XRPUSDT,0.0027091093802913413,0.00033490398689539624,0.43054886777759815,-1.0181417165343616,-0.7394384132934589,0.779935606509793,,,,,2.520742171393827,,,,,,,,,,-0.6660501083932466,0.6062973947542549,,,,2026-10-02T21:59:59.999000Z,2026-10-02T22:59:59.999000Z
2026-10-02T22:59:59.999000Z,1790981999999,ADAUSDT,0.00950020652622885,-0.0004965704824977379,0.4171766702219551,0.5478768411370135,-1.0356674238108092,-0.41158938682808066,,,,,-0.14392009729606783,,,,,,,,,,-0.831087037046186,0.5690838533815341,,,,2026-10-02T22:59:59.999000Z,2026-10-02T23:59:59.999000Z
2026-10-02T22:59:59.999000Z,1790981999999,AVAXUSDT,0.007274762171236793,-0.0004965704824977379,0.3313426953659343,0.4351509718137529,-0.5491847273173553,-0.2127878971389148,,,,,1.6204107317127932,,,,,,,,,,-0.831087037046186,0.5690838533815341,,,,2026-10-02T22:59:59.999000Z,2026-10-02T23:59:59.999000Z
2026-10-02T22:59:59.999000Z,1790981999999,BNBUSDT,0.0019563090968373054,-0.0004965704824977379,0.1417665283630269,0.4223694016426185,-1.4764609405039806,0.5360917313203725,,,,,0.5990874139724404,,,,,,,,,,-0.831087037046186,0.5690838533815341,,,,2026-10-02T22:59:59.999000Z,2026-10-02T23:59:59.999000Z
2026-10-02T22:59:59.999000Z,1790981999999,BTCUSDT,-0.0004965704824977379,-0.0004965704824977379,0.03737297951590551,0.34443924011583255,-0.831087037046186,0.6463068167185542,,0.13137272676299924,0.3435213902574193,-1.543020123117037,1.2110891686801963,,,-1.008965743706259,,-0.7266228017107428,,,,,-0.831087037046186,0.5690838533815341,,,,2026-10-02T22:59:59.999000Z,2026-10-02T23:59:59.999000Z
2026-10-02T22:59:59.999000Z,1790981999999,DOGEUSDT,0.005300735612289165,-0.0004965704824977379,0.44637497055471637,1.0099455249135059,-1.33830028917531,-0.42271731694544346,,,,,1.941325247804586,,,,,,,,,,-0.831087037046186,0.5690838533815341,,,,2026-10-02T22:59:59.999000Z,2026-10-02T23:59:59.999000Z
2026-10-02T22:59:59.999000Z,1790981999999,ETHUSDT,0.00021739048954083628,-0.0004965704824977379,0.21274852035299022,0.11998325580781223,-1.5549144909558574,0.45533959997682605,,,,,0.7560159647052526,,,,,,,,,,-0.831087037046186,0.5690838533815341,,,,2026-10-02T22:59:59.999000Z,2026-10-02T23:59:59.999000Z
2026-10-02T22:59:59.999000Z,1790981999999,SOLUSDT,0.0010968612892339191,-0.0004965704824977379,0.3804004633194878,0.24067060750398112,-0.15995344716718096,-0.07652983486673372,,,,,-0.40499486564114473,,,,,,,,,,-0.831087037046186,0.5690838533815341,,,,2026-10-02T22:59:59.999000Z,2026-10-02T23:59:59.999000Z
2026-10-02T22:59:59.999000Z,1790981999999,XRPUSDT,0.0028368794326241176,-0.0004965704824977379,0.40681605395137993,0.8149444834425469,-0.7165690458228384,-0.14697472307945944,,,,,0.49922577360121473,,,,,,,,,,-0.831087037046186,0.5690838533815341,,,,2026-10-02T22:59:59.999000Z,2026-10-02T23:59:59.999000Z
